XREF_HIERARCHY_KEY,HIERARCHY_GROUP_NAME,LEVEL_1_SORT,LEVEL_1,LEVEL_2_SORT,LEVEL_2,LEVEL_3_SORT,LEVEL_3,LEVEL_4_SORT,LEVEL_4,LEVEL_5_SORT,LEVEL_5,LEVEL_6_SORT,LEVEL_6,LEVEL_7_SORT,LEVEL_7,LEVEL_8_SORT,LEVEL_8,LEVEL_9_SORT,LEVEL_9,GROUP_FILTER_PRECEDENCE,ID_NAME,ID,ID_SOURCE,ID_TABLE,ID_SCHEMA,ID_DATABASE,HAS_MULTIPLE_TABLES,DO_NOT_EXPAND_FLAG,IS_SECURED_FLAG,SPLIT_ACTIVE_FLAG,EXCLUSION_FLAG,CALCULATION_FLAG,ACTIVE_FLAG,VOLUME_FLAG,ID_UNPIVOT_FLAG,ID_ROW_FLAG,REMOVE_FROM_TOTALS,FILTER_GROUP_1,FILTER_GROUP_1_TYPE,FILTER_GROUP_2,FILTER_GROUP_2_TYPE,FILTER_GROUP_3,FILTER_GROUP_3_TYPE,FILTER_GROUP_4,FILTER_GROUP_4_TYPE,FORMULA_GROUP,SIGN_CHANGE_FLAG,FORMULA_PRECEDENCE,FORMULA_PARAM_REF,ARITHMETIC_LOGIC,FORMULA_REF_SOURCE,FORMULA_REF_TABLE,FORMULA_PARAM2_CONST_NUMBER,CREATE_NEW_COLUMN,UPDATED_BY,UPDATED_AT
109,Midstream Budget Statement,0,Midstream Budget Statement,0,NYMEX,0,NYMEX WTI Strip Price,0,WTI Crude Oil,0,,0,,0,,0,,0,,1,,,,,,,false,false,false,false,false,false,true,false,false,true,false,NYMEX WTI Strip Price,,NYMEX WTI Strip Price**NYMEX WTI Strip Price**WTI Crude Oil,,,,,,WTI_PRICE,false,1,,,,,PRICE,false,telha.ghanchi@datanexum.com,"Wednesday, August 6, 2025"
110,Midstream Budget Statement,0,Midstream Budget Statement,0,NYMEX,1,NYMEX WTI Strip Price,0,WTI Crude Oil,0,,0,,0,,0,,0,,1,,,,,,,false,false,false,false,false,false,true,false,false,true,false,NYMEX WTI Strip Price,,NYMEX WTI Strip Price**NYMEX WTI Strip Price**WTI Crude Oil,,,,,,WTI_PRICE,false,1,,,,,PRICE,false,telha.ghanchi@datanexum.com,"Wednesday, August 6, 2025"
3,Midstream Budget Statement,0,Midstream Budget Statement,0,NYMEX,2,NYMEX Less CGT Differential,0,NYMEX Henry Hub Natural Gas,0,,0,,0,,0,,0,,1,,,,,,,false,false,false,false,false,false,true,false,false,true,false,NYMEX Less CGT Differential,,NYMEX Less CGT Differential**NYMEX Less CGT Differential**NYMEX Henry Hub Natural Gas,,,,,,NYMEX_HENRY_HUB CGT,false,1,,,,,PRICE,false,telha.ghanchi@datanexum.com,"Wednesday, August 6, 2025"
106,Midstream Budget Statement,0,Midstream Budget Statement,0,NYMEX,2,NYMEX Less CGT Differential,1,Applied Differential CGT,0,,0,,0,,0,,0,,1,,,,,,,false,false,false,false,false,false,true,false,false,true,false,NYMEX Less CGT Differential,,NYMEX Less CGT Differential**NYMEX Less CGT Differential**Applied Differential CGT,,,,,,NYMEX_HENRY_HUB CGT,false,1,,,,,PRICE,false,telha.ghanchi@datanexum.com,"Wednesday, August 6, 2025"
108,Midstream Budget Statement,0,Midstream Budget Statement,0,NYMEX,3,NYMEX Less NGPL Differential,0,NYMEX Henry Hub Natural Gas,0,,0,,0,,0,,0,,1,,,,,,,false,false,false,false,false,false,true,false,false,true,false,NYMEX Less NGPL Differential,,NYMEX Less NGPL Differential**NYMEX Less NGPL Differential**NYMEX Henry Hub Natural Gas,,,,,,NYMEX_HENRY_HUB NGPL,false,1,,,,,PRICE,false,telha.ghanchi@datanexum.com,"Wednesday, August 6, 2025"
107,Midstream Budget Statement,0,Midstream Budget Statement,0,NYMEX,3,NYMEX Less NGPL Differential,1,Applied Differential NGPL,0,,0,,0,,0,,0,,1,,,,,,,false,false,false,false,false,false,true,false,false,true,false,NYMEX Less NGPL Differential,,NYMEX Less NGPL Differential**NYMEX Less NGPL Differential**Applied Differential NGPL,,,,,,NYMEX_HENRY_HUB NGPL,false,1,,,,,PRICE,false,telha.ghanchi@datanexum.com,"Wednesday, August 6, 2025"
4,Midstream Budget Statement,0,Midstream Budget Statement,1,Average Monthly Volume Summary,1,Volume by Type (Mcf),0,1PDP,0,,0,,0,,0,,0,,1,,,,,,,false,false,false,false,false,false,true,true,false,true,false,Volume by Type (Mcf),,Volume by Type (Mcf)**Volume by Type (Mcf)**1PDP,,,,,,Total Gross Gathered Volume,false,1,,,,,VOLUME,false,telha.ghanchi@datanexum.com,"Wednesday, August 6, 2025"
13,Midstream Budget Statement,0,Midstream Budget Statement,1,Average Monthly Volume Summary,1,Volume by Type (Mcf),1,2PDNP,0,,0,,0,,0,,0,,1,,,,,,,false,false,false,false,false,false,true,true,false,true,false,Volume by Type (Mcf),,Volume by Type (Mcf)**Volume by Type (Mcf)**2PDNP,,,,,,Total Gross Gathered Volume,false,1,,,,,VOLUME,false,telha.ghanchi@datanexum.com,"Wednesday, August 6, 2025"
14,Midstream Budget Statement,0,Midstream Budget Statement,1,Average Monthly Volume Summary,1,Volume by Type (Mcf),2,3PUD,0,,0,,0,,0,,0,,1,,,,,,,false,false,false,false,false,false,true,true,false,true,false,Volume by Type (Mcf),,Volume by Type (Mcf)**Volume by Type (Mcf)**3PUD,,,,,,Total Gross Gathered Volume,false,1,,,,,VOLUME,false,telha.ghanchi@datanexum.com,"Wednesday, August 6, 2025"
15,Midstream Budget Statement,0,Midstream Budget Statement,1,Average Monthly Volume Summary,1,Volume by Type (Mcf),3,4PROB,0,,0,,0,,0,,0,,1,,,,,,,false,false,false,false,false,false,true,true,false,true,false,Volume by Type (Mcf),,Volume by Type (Mcf)**Volume by Type (Mcf)**4PROB,,,,,,Total Gross Gathered Volume,false,1,,,,,VOLUME,false,telha.ghanchi@datanexum.com,"Wednesday, August 6, 2025"
16,Midstream Budget Statement,0,Midstream Budget Statement,1,Average Monthly Volume Summary,1,Volume by Type (Mcf),4,5POSS,0,,0,,0,,0,,0,,1,,,,,,,false,false,false,false,false,false,true,true,false,true,false,Volume by Type (Mcf),,Volume by Type (Mcf)**Volume by Type (Mcf)**5POSS,,,,,,Total Gross Gathered Volume,false,1,,,,,VOLUME,false,telha.ghanchi@datanexum.com,"Wednesday, August 6, 2025"
5,Midstream Budget Statement,0,Midstream Budget Statement,1,Average Monthly Volume Summary,2,Gross Gathered Volume (Mcf),0,Total Gross Gathered Volume,0,Formula: SUM(Total Gross Gathered Volume),0,,0,,0,,0,,1,,,,,,,false,false,false,false,false,true,true,true,false,true,false,Volume by Type (Mcf),,Gross Gathered Volume (Mcf) **Gross Gathered Volume (Mcf) **Total Gross Gathered Volume,,,,,,Total Gross Gathered Volume,false,1,Total Gross Gathered Volume,SUM,,,VOLUME,false,telha.ghanchi@datanexum.com,"Wednesday, August 6, 2025"
8,Midstream Budget Statement,0,Midstream Budget Statement,1,Average Monthly Volume Summary,3,Gross Gathered Volume Factors,0,Production Shrink & Line Loss,0,,0,,0,,0,,0,,1,,,,,,,false,false,false,false,false,false,true,true,false,true,false,Gross Gathered Volume Factors,,Gross Gathered Volume Factors**Gross Gathered Volume Factors**Production Shrink & Line Loss,,,,,,Product of Gross Gas W Factors,false,1,,,,,FEE_RATE,false,telha.ghanchi@datanexum.com,"Wednesday, August 6, 2025"
9,Midstream Budget Statement,0,Midstream Budget Statement,1,Average Monthly Volume Summary,3,Gross Gathered Volume Factors,1,Less Plant Downtime,0,,0,,0,,0,,0,,1,,,,,,,false,false,false,false,false,false,true,true,false,true,false,Gross Gathered Volume Factors,,Gross Gathered Volume Factors**Gross Gathered Volume Factors**Less Plant Downtime,,,,,,Product of Gross Gas W Factors,false,1,,,,,FEE_RATE,false,telha.ghanchi@datanexum.com,"Wednesday, August 6, 2025"
10,Midstream Budget Statement,0,Midstream Budget Statement,1,Average Monthly Volume Summary,3,Gross Gathered Volume Factors,2,Voluntary Curtailment,0,,0,,0,,0,,0,,1,,,,,,,false,false,false,false,false,false,true,true,false,true,false,Gross Gathered Volume Factors,,Gross Gathered Volume Factors**Gross Gathered Volume Factors**Voluntary Curtailment,,,,,,Product of Gross Gas W Factors,false,1,,,,,FEE_RATE,false,telha.ghanchi@datanexum.com,"Wednesday, August 6, 2025"
11,Midstream Budget Statement,0,Midstream Budget Statement,1,Average Monthly Volume Summary,3,Gross Gathered Volume Factors,3,Less Contract Fuel,0,,0,,0,,0,,0,,1,,,,,,,false,false,false,false,false,false,true,true,false,true,false,Gross Gathered Volume Factors,,Gross Gathered Volume Factors**Gross Gathered Volume Factors**Less Contract Fuel,,,,,,Product of Gross Gas W Factors,false,1,,,,,FEE_RATE,false,telha.ghanchi@datanexum.com,"Wednesday, August 6, 2025"
1111,Midstream Budget Statement,0,Midstream Budget Statement,1,Average Monthly Volume Summary,3,Gross Gathered Volume Factors,4,Gross Gathered Volume (Mcf),0,,0,,0,,0,,0,,1,,,,,,,false,false,false,false,false,false,true,true,false,true,false,Gross Gathered Volume Factors,,Gross Gathered Volume Factors**Gross Gathered Volume Factors**Less Contract Fuel,,,,,,Product of Gross Gas W Factors,false,1,,,,,FEE_RATE,false,telha.ghanchi@datanexum.com,"Wednesday, August 6, 2025"
12,Midstream Budget Statement,0,Midstream Budget Statement,1,Average Monthly Volume Summary,4,Net Gathered Volume (Mcf),0,Formula: SUM(Total Gross Gathered Volume),0,,1,,0,,0,,0,,1,,,,,,,false,false,false,false,false,true,true,true,false,true,false,Net Gathered Volume (Mcf),,Net Gathered Volume (Mcf)**Net Gathered Volume (Mcf)**Product of Gross Gas W Factors,,,,,,Product of Gross Gas W Factors,false,1,Product of Gross Gas W Factors,SUM,,,VOLUME,false,telha.ghanchi@datanexum.com,"Wednesday, August 6, 2025"
17,Midstream Budget Statement,0,Midstream Budget Statement,1,Average Monthly Volume Summary,6,BTU Factor,0,BTU Factor,0,,0,,0,,0,,0,,1,,,,,,,false,false,false,false,false,false,true,true,false,true,false,BTU Factor,,BTU Factor**BTU Factor**,,,,,,BTU Factor,false,1,,,,,GAS_STREAM_BTU,false,telha.ghanchi@datanexum.com,"Wednesday, August 6, 2025"
1019,Midstream Budget Statement,0,Midstream Budget Statement,1,Average Monthly Volume Summary,7,Plant Inlet (MMBtu),0,Formula: SUM(Net Volume multiplied by BTU Factor),0,,0,,0,,0,,0,,1,,,,,,,false,false,false,false,false,true,true,true,false,true,false,BTU Factor,,Plant Inlet (MMBtu)**Plant Inlet (MMBtu)**Net Volume multiplied by BTU Factor,,,,,,BTU Factor,false,1,BTU Factor,SUM,,,VOLUME,false,telha.ghanchi@datanexum.com,"Wednesday, August 6, 2025"
22,Midstream Budget Statement,0,Midstream Budget Statement,1,Average Monthly Volume Summary,9,Service Revenue Fee Rate ($/MMBtu) **inflation Adj,0,Gathering,0,,0,,0,,0,,0,,1,,,,,,,false,false,false,false,false,false,true,true,false,true,false,Service Revenue Fee Rate ($/MMBtu) **inflation Adj,,Service Revenue Fee Rate ($/MMBtu) **inflation Adj**Service Revenue Fee Rate ($/MMBtu) **inflation Adj**Gathering,,,,,,Service Revenue Fee Rate,false,1,,,,,FEE_RATE,false,telha.ghanchi@datanexum.com,"Wednesday, August 6, 2025"
23,Midstream Budget Statement,0,Midstream Budget Statement,1,Average Monthly Volume Summary,9,Service Revenue Fee Rate ($/MMBtu) **inflation Adj,1,Compression,0,,0,,0,,0,,0,,1,,,,,,,false,false,false,false,false,false,true,true,false,true,false,Service Revenue Fee Rate ($/MMBtu) **inflation Adj,,Service Revenue Fee Rate ($/MMBtu) **inflation Adj**Service Revenue Fee Rate ($/MMBtu) **inflation Adj**Compression,,,,,,Service Revenue Fee Rate,false,1,,,,,FEE_RATE,false,telha.ghanchi@datanexum.com,"Wednesday, August 6, 2025"
24,Midstream Budget Statement,0,Midstream Budget Statement,1,Average Monthly Volume Summary,9,Service Revenue Fee Rate ($/MMBtu) **inflation Adj,2,Treating,0,,0,,0,,0,,0,,1,,,,,,,false,false,false,false,false,false,true,true,false,true,false,Service Revenue Fee Rate ($/MMBtu) **inflation Adj,,Service Revenue Fee Rate ($/MMBtu) **inflation Adj**Service Revenue Fee Rate ($/MMBtu) **inflation Adj**Treating,,,,,,Service Revenue Fee Rate,false,1,,,,,FEE_RATE,false,telha.ghanchi@datanexum.com,"Wednesday, August 6, 2025"
25,Midstream Budget Statement,0,Midstream Budget Statement,1,Average Monthly Volume Summary,9,Service Revenue Fee Rate ($/MMBtu) **inflation Adj,3,Conditioning,0,,0,,0,,0,,0,,1,,,,,,,false,false,false,false,false,false,true,true,false,true,false,Service Revenue Fee Rate ($/MMBtu) **inflation Adj,,Service Revenue Fee Rate ($/MMBtu) **inflation Adj**Service Revenue Fee Rate ($/MMBtu) **inflation Adj**Conditioning,,,,,,Service Revenue Fee Rate,false,1,,,,,FEE_RATE,false,telha.ghanchi@datanexum.com,"Wednesday, August 6, 2025"
26,Midstream Budget Statement,0,Midstream Budget Statement,1,Average Monthly Volume Summary,9,Service Revenue Fee Rate ($/MMBtu) **inflation Adj,4,Transportation,0,,0,,0,,0,,0,,1,,,,,,,false,false,false,false,false,false,true,true,false,true,false,Service Revenue Fee Rate ($/MMBtu) **inflation Adj,,Service Revenue Fee Rate ($/MMBtu) **inflation Adj**Service Revenue Fee Rate ($/MMBtu) **inflation Adj**Transportation,,,,,,Service Revenue Fee Rate,false,1,,,,,FEE_RATE,false,telha.ghanchi@datanexum.com,"Wednesday, August 6, 2025"
27,Midstream Budget Statement,0,Midstream Budget Statement,1,Average Monthly Volume Summary,9,Service Revenue Fee Rate ($/MMBtu) **inflation Adj,5,Capital Recovery,0,Formula: Capital Recovery divide Gross gathered Volume (Mcf),0,,0,,0,,0,,1,,,,,,,false,false,false,false,false,false,true,true,false,true,false,Service Revenue Fee Rate ($/MMBtu) **inflation Adj,,Service Revenue Fee Rate ($/MMBtu) **inflation Adj**Service Revenue Fee Rate ($/MMBtu) **inflation Adj**Capital Recovery,,,,,,Service Revenue Fee Rate,false,1,,,,,FEE_RATE,false,telha.ghanchi@datanexum.com,"Wednesday, August 6, 2025"
28,Midstream Budget Statement,0,Midstream Budget Statement,1,Average Monthly Volume Summary,9,Service Revenue Fee Rate ($/MMBtu) **inflation Adj,6,Miscellaneous,0,,0,,0,,0,,0,,1,,,,,,,false,false,false,false,false,false,true,true,false,true,false,Service Revenue Fee Rate ($/MMBtu) **inflation Adj,,Service Revenue Fee Rate ($/MMBtu) **inflation Adj**Service Revenue Fee Rate ($/MMBtu) **inflation Adj**Miscellaneous,,,,,,Service Revenue Fee Rate,false,1,,,,,FEE_RATE,false,telha.ghanchi@datanexum.com,"Wednesday, August 6, 2025"
30,Midstream Budget Statement,0,Midstream Budget Statement,1,Average Monthly Volume Summary,10,Service Revenue Fee Rate,0,Formula: Total of all Service Revenue Fee Rates,0,,0,,0,,0,,0,,1,,,,,,,false,false,false,false,false,true,true,true,false,true,false,Service Revenue Fee Rate,,Service Revenue Fee Rate**Service Revenue Fee Rate**Formula: Total of all Service Revenue Fee Rates,,,,,,Service Revenue Fee Rate,false,1,Service Revenue Fee Rate,SUM,,,VOLUME,false,telha.ghanchi@datanexum.com,"Wednesday, August 6, 2025"
55,Midstream Budget Statement,0,Midstream Budget Statement,2,Buy/Sell Activity,5,Sales Revenue,0,Gas Sales,1,Gas Sales - EM,0,,0,,0,,0,,1,,,,,,,false,false,false,false,false,false,true,false,false,true,false,Sales Revenue,,Sales Revenue**Sales Revenue**Gas Sales**Gas Sales - EM,,,,,,Total Sales Revenue,false,1,,,,,AMOUNT,false,telha.ghanchi@datanexum.com,"Wednesday, August 6, 2025"
53,Midstream Budget Statement,0,Midstream Budget Statement,2,Buy/Sell Activity,5,Sales Revenue,0,Gas Sales,2,Gas Sales - RS,0,,0,,0,,0,,1,,,,,,,false,false,false,false,false,false,true,false,false,true,false,Sales Revenue,,Sales Revenue**Sales Revenue**Gas Sales**Gas Sales - RS,,,,,,Total Sales Revenue,false,1,,,,,AMOUNT,false,telha.ghanchi@datanexum.com,"Wednesday, August 6, 2025"
48,Midstream Budget Statement,0,Midstream Budget Statement,2,Buy/Sell Activity,5,Sales Revenue,0,Gas Sales,0,,0,,0,,0,,0,,1,,,,,,,false,false,false,false,false,false,false,false,false,true,false,Sales Revenue,,Sales Revenue**Sales Revenue**Gas Sales**,,,,,,Total Sales Revenue,false,1,,,,,AMOUNT,false,telha.ghanchi@datanexum.com,"Wednesday, August 6, 2025"
56,Midstream Budget Statement,0,Midstream Budget Statement,2,Buy/Sell Activity,5,Sales Revenue,1,Imbalance,0,,0,,0,,0,,0,,1,,,,,,,false,false,false,false,false,false,false,false,false,true,false,Sales Revenue,,Sales Revenue**Sales Revenue**Imbalance**,,,,,,Total Sales Revenue,false,1,,,,,AMOUNT,false,telha.ghanchi@datanexum.com,"Wednesday, August 6, 2025"
49,Midstream Budget Statement,0,Midstream Budget Statement,2,Buy/Sell Activity,5,Sales Revenue,2,NGL Sales,0,,0,,0,,0,,0,,1,,,,,,,false,false,false,false,false,false,true,false,false,true,false,Sales Revenue,,Sales Revenue**Sales Revenue**NGL Sales**,,,,,,Total Sales Revenue,false,1,,,,,AMOUNT,false,telha.ghanchi@datanexum.com,"Wednesday, August 6, 2025"
57,Midstream Budget Statement,0,Midstream Budget Statement,2,Buy/Sell Activity,5,Sales Revenue,3,Condensate Sales,0,,0,,0,,0,,0,,1,,,,,,,false,false,false,false,false,false,true,false,false,true,false,Sales Revenue,,Sales Revenue**Sales Revenue**Condensate Sales**,,,,,,Total Sales Revenue,false,1,,,,,AMOUNT,false,telha.ghanchi@datanexum.com,"Wednesday, August 6, 2025"
1157,Midstream Budget Statement,0,Midstream Budget Statement,2,Buy/Sell Activity,5,Sales Revenue,3,Total Revenue,0,,0,,0,,0,,0,,1,,,,,,,false,false,false,false,false,false,true,false,false,true,false,Sales Revenue,,Sales Revenue**Sales Revenue**Total Sales**,,,,,,Total Sales Revenue,false,1,,,,,AMOUNT,false,telha.ghanchi@datanexum.com,"Wednesday, August 6, 2025"
29,Midstream Budget Statement,0,Midstream Budget Statement,2,Buy/Sell Activity,6,Total Sales Revenue,0,Formula: Sum of Sales Revenue,0,,0,,0,,0,,0,,1,,,,,,,false,false,false,false,false,true,true,false,false,true,false,Total Sales Revenue,,Total Sales Revenue**Total Sales Revenue**Formula: Sum of Sales Revenue,,,,,,Total Sales Revenue,false,1,Total Sales Revenue,SUM,,,AMOUNT,false,telha.ghanchi@datanexum.com,"Wednesday, August 6, 2025"
61,Midstream Budget Statement,0,Midstream Budget Statement,2,Buy/Sell Activity,7,Cost of Purchased Gas,0,Cost of Purchased Gas,0,,0,,0,,0,,0,,1,,,,,,,false,false,false,false,false,false,true,false,false,true,false,Cost of Purchased Gas,,Cost of Purchased Gas**Cost of Purchased Gas**Cost of Purchased Gas,,,,,,Total Cost of Purchased Gas,false,1,,,,,AMOUNT,false,telha.ghanchi@datanexum.com,"Wednesday, August 6, 2025"
59,Midstream Budget Statement,0,Midstream Budget Statement,2,Buy/Sell Activity,5,Sales Revenue,1,Imbalance,1,Imbalance - PL Cashout Sales,0,,0,,0,,0,,1,,,,,,,false,false,false,false,false,false,true,false,false,true,false,Sales Revenue,,Sales Revenue**Sales Revenue**Imbalance**Imbalance - PL Cashout Purchases,,,,,,Total Sales Revenue,false,1,,,,,AMOUNT,false,telha.ghanchi@datanexum.com,"Wednesday, August 6, 2025"
58,Midstream Budget Statement,0,Midstream Budget Statement,2,Buy/Sell Activity,5,Sales Revenue,1,Imbalance,2,Imbalance - Shipper Cashout Sales,0,,0,,0,,0,,1,,,,,,,false,false,false,false,false,false,true,false,false,true,false,Sales Revenue,,Sales Revenue**Sales Revenue**Imbalance**Imbalance - Shipper Cashout Purchases,,,,,,Total Sales Revenue,false,1,,,,,AMOUNT,false,telha.ghanchi@datanexum.com,"Wednesday, August 6, 2025"
1158,Midstream Budget Statement,0,Midstream Budget Statement,2,Buy/Sell Activity,5,Sales Revenue,1,Imbalance,2,Imbalance - Shipper Cashout Sales,0,,0,,0,,0,,1,,,,,,,false,false,false,false,false,false,true,false,false,true,false,Sales Revenue,,Sales Revenue**Sales Revenue**Imbalance**Imbalance - Shipper Cashout Purchases,,,,,,Total Sales Revenue,false,1,,,,,AMOUNT,false,telha.ghanchi@datanexum.com,"Wednesday, August 6, 2025"
63,Midstream Budget Statement,0,Midstream Budget Statement,2,Buy/Sell Activity,7,Cost of Purchased Gas,1,Imbalance,1,Imbalance - PL Cashout Purchases,0,,0,,0,,0,,1,,,,,,,false,false,false,false,false,false,true,false,false,true,false,Cost of Purchased Gas,,Cost of Purchased Gas**Cost of Purchased Gas**Imbalance,,,,,,Total Cost of Purchased Gas,false,1,,,,,AMOUNT,false,telha.ghanchi@datanexum.com,"Wednesday, August 6, 2025"
1163,Midstream Budget Statement,0,Midstream Budget Statement,2,Buy/Sell Activity,7,Cost of Purchased Gas,1,Imbalance,2,Imbalance - Shipper Cashout Purchases,0,,0,,0,,0,,1,,,,,,,false,false,false,false,false,false,true,false,false,true,false,Cost of Purchased Gas,,Cost of Purchased Gas**Cost of Purchased Gas**Imbalance,,,,,,Total Cost of Purchased Gas,false,1,,,,,AMOUNT,false,telha.ghanchi@datanexum.com,"Wednesday, August 6, 2025"
64,Midstream Budget Statement,0,Midstream Budget Statement,2,Buy/Sell Activity,7,Cost of Purchased Gas,2,Cost of NGLs,0,,0,,0,,0,,0,,1,,,,,,,false,false,false,false,false,false,true,false,false,true,false,Cost of Purchased Gas,,Cost of Purchased Gas**Cost of Purchased Gas**Cost of NGLs,,,,,,Total Cost of Purchased Gas,false,1,,,,,AMOUNT,false,telha.ghanchi@datanexum.com,"Wednesday, August 6, 2025"
65,Midstream Budget Statement,0,Midstream Budget Statement,2,Buy/Sell Activity,7,Cost of Purchased Gas,3,Transportation Expense,0,,0,,0,,0,,0,,1,,,,,,,false,false,false,false,false,false,true,false,false,true,false,Cost of Purchased Gas,,Cost of Purchased Gas**Cost of Purchased Gas**Transportation Expense,,,,,,Total Cost of Purchased Gas,false,1,,,,,AMOUNT,false,telha.ghanchi@datanexum.com,"Wednesday, August 6, 2025"
62,Midstream Budget Statement,0,Midstream Budget Statement,2,Buy/Sell Activity,8,Total Cost of Purchased Gas,0,Formula: Sum of Cost of Purchased Gas,0,,0,,0,,0,,0,,1,,,,,,,false,false,false,false,false,true,true,false,false,true,false,Total Cost of Purchased Gas,,Total Cost of Purchased Gas**Total Cost of Purchased Gas**Formula: Sum of Cost of Purchased Gas,,,,,,Total Cost of Purchased Gas,false,1,Total Cost of Purchased Gas,SUM,,,AMOUNT,false,telha.ghanchi@datanexum.com,"Wednesday, August 6, 2025"
37,Midstream Budget Statement,0,Midstream Budget Statement,4,EBITDA,0,Service Revenue **inflation Adjusted,0,Gathering,0,,0,,0,,0,,0,,1,,,,,,,false,false,false,false,false,false,true,false,false,true,false,Service Revenue **inflation Adjusted,,Service Revenue **inflation Adjusted**Service Revenue **inflation Adjusted**Gathering,,,,,,Total Service Revenue2,false,1,,,,,AMOUNT,false,telha.ghanchi@datanexum.com,"Wednesday, August 6, 2025"
72,Midstream Budget Statement,0,Midstream Budget Statement,4,EBITDA,0,Service Revenue **inflation Adjusted,1,Compression,0,,0,,0,,0,,0,,1,,,,,,,false,false,false,false,false,false,true,false,false,true,false,Service Revenue **inflation Adjusted,,Service Revenue **inflation Adjusted**Service Revenue **inflation Adjusted**Compression,,,,,,Total Service Revenue2,false,1,,,,,AMOUNT,false,telha.ghanchi@datanexum.com,"Wednesday, August 6, 2025"
74,Midstream Budget Statement,0,Midstream Budget Statement,4,EBITDA,0,Service Revenue **inflation Adjusted,2,Conditioning,0,,0,,0,,0,,0,,1,,,,,,,false,false,false,false,false,false,true,false,false,true,false,Service Revenue **inflation Adjusted,,Service Revenue **inflation Adjusted**Service Revenue **inflation Adjusted**Conditioning,,,,,,Total Service Revenue2,false,1,,,,,AMOUNT,false,telha.ghanchi@datanexum.com,"Wednesday, August 6, 2025"
73,Midstream Budget Statement,0,Midstream Budget Statement,4,EBITDA,0,Service Revenue **inflation Adjusted,3,Treating,0,,0,,0,,0,,0,,1,,,,,,,false,false,false,false,false,false,true,false,false,true,false,Service Revenue **inflation Adjusted,,Service Revenue **inflation Adjusted**Service Revenue **inflation Adjusted**Treating,,,,,,Total Service Revenue2,false,1,,,,,AMOUNT,false,telha.ghanchi@datanexum.com,"Wednesday, August 6, 2025"
75,Midstream Budget Statement,0,Midstream Budget Statement,4,EBITDA,0,Service Revenue **inflation Adjusted,4,Transportation,0,,0,,0,,0,,0,,1,,,,,,,false,false,false,false,false,false,true,false,false,true,false,Service Revenue **inflation Adjusted,,Service Revenue **inflation Adjusted**Service Revenue **inflation Adjusted**Transportation,,,,,,Total Service Revenue2,false,1,,,,,AMOUNT,false,telha.ghanchi@datanexum.com,"Wednesday, August 6, 2025"
76,Midstream Budget Statement,0,Midstream Budget Statement,4,EBITDA,0,Service Revenue **inflation Adjusted,5,Capital Recovery,0,,0,,0,,0,,0,,1,,,,,,,false,false,false,false,false,false,true,false,false,true,false,Service Revenue **inflation Adjusted,,Service Revenue **inflation Adjusted**Service Revenue **inflation Adjusted**Capital Recovery,,,,,,Total Service Revenue2,false,1,,,,,AMOUNT,false,telha.ghanchi@datanexum.com,"Wednesday, August 6, 2025"
77,Midstream Budget Statement,0,Midstream Budget Statement,4,EBITDA,0,Service Revenue **inflation Adjusted,6,Miscellaneous,0,,0,,0,,0,,0,,1,,,,,,,false,false,false,false,false,false,true,false,false,true,false,Service Revenue **inflation Adjusted,,Service Revenue **inflation Adjusted**Service Revenue **inflation Adjusted**Miscellaneous,,,,,,Total Service Revenue2,false,1,,,,,AMOUNT,false,telha.ghanchi@datanexum.com,"Wednesday, August 6, 2025"
105,Midstream Budget Statement,0,Midstream Budget Statement,4,EBITDA,1,Total Service Revenue,0,Sum of all Service Revenue,0,,0,,0,,0,,0,,1,,,,,,,false,false,false,false,false,true,true,false,false,true,false,Total Service Revenue,,Total Service Revenue**Total Service Revenue**Sum of all Service Revenue,,,,,,Total Service Revenue2,false,1,Total Service Revenue2,SUM,,,AMOUNT,false,telha.ghanchi@datanexum.com,"Wednesday, August 6, 2025"
45,Midstream Budget Statement,0,Midstream Budget Statement,4,EBITDA,2,Opex **inflation Adjusted,0,Chemicals,0,,0,,0,,0,,0,,1,,,,,,,false,false,false,false,false,false,true,false,false,true,false,Opex **inflation Adjusted,,Opex **inflation Adjusted**Opex **inflation Adjusted**Chemicals,,,,,,Total Opex,false,1,,,,,AMOUNT,false,telha.ghanchi@datanexum.com,"Wednesday, August 6, 2025"
78,Midstream Budget Statement,0,Midstream Budget Statement,4,EBITDA,2,Opex **inflation Adjusted,1,Compression,0,,0,,0,,0,,0,,1,,,,,,,false,false,false,false,false,false,true,false,false,true,false,Opex **inflation Adjusted,,Opex **inflation Adjusted**Opex **inflation Adjusted**Compression,,,,,,Total Opex,false,1,,,,,AMOUNT,false,telha.ghanchi@datanexum.com,"Wednesday, August 6, 2025"
79,Midstream Budget Statement,0,Midstream Budget Statement,4,EBITDA,2,Opex **inflation Adjusted,2,Environmental,0,,0,,0,,0,,0,,1,,,,,,,false,false,false,false,false,false,true,false,false,true,false,Opex **inflation Adjusted,,Opex **inflation Adjusted**Opex **inflation Adjusted**Environmental,,,,,,Total Opex,false,1,,,,,AMOUNT,false,telha.ghanchi@datanexum.com,"Wednesday, August 6, 2025"
80,Midstream Budget Statement,0,Midstream Budget Statement,4,EBITDA,2,Opex **inflation Adjusted,3,Equipment,0,,0,,0,,0,,0,,1,,,,,,,false,false,false,false,false,false,true,false,false,true,false,Opex **inflation Adjusted,,Opex **inflation Adjusted**Opex **inflation Adjusted**Equipment,,,,,,Total Opex,false,1,,,,,AMOUNT,false,telha.ghanchi@datanexum.com,"Wednesday, August 6, 2025"
81,Midstream Budget Statement,0,Midstream Budget Statement,4,EBITDA,2,Opex **inflation Adjusted,4,Labor,0,,0,,0,,0,,0,,1,,,,,,,false,false,false,false,false,false,true,false,false,true,false,Opex **inflation Adjusted,,Opex **inflation Adjusted**Opex **inflation Adjusted**Labor,,,,,,Total Opex,false,1,,,,,AMOUNT,false,telha.ghanchi@datanexum.com,"Wednesday, August 6, 2025"
82,Midstream Budget Statement,0,Midstream Budget Statement,4,EBITDA,2,Opex **inflation Adjusted,5,Repair,0,,0,,0,,0,,0,,1,,,,,,,false,false,false,false,false,false,true,false,false,true,false,Opex **inflation Adjusted,,Opex **inflation Adjusted**Opex **inflation Adjusted**Repair,,,,,,Total Opex,false,1,,,,,AMOUNT,false,telha.ghanchi@datanexum.com,"Wednesday, August 6, 2025"
83,Midstream Budget Statement,0,Midstream Budget Statement,4,EBITDA,2,Opex **inflation Adjusted,6,Taxes,0,,0,,0,,0,,0,,1,,,,,,,false,false,false,false,false,false,true,false,false,true,false,Opex **inflation Adjusted,,Opex **inflation Adjusted**Opex **inflation Adjusted**Taxes,,,,,,Total Opex,false,1,,,,,AMOUNT,false,telha.ghanchi@datanexum.com,"Wednesday, August 6, 2025"
84,Midstream Budget Statement,0,Midstream Budget Statement,4,EBITDA,2,Opex **inflation Adjusted,7,Misc,0,,0,,0,,0,,0,,1,,,,,,,false,false,false,false,false,false,true,false,false,true,false,Opex **inflation Adjusted,,Opex **inflation Adjusted**Opex **inflation Adjusted**Misc,,,,,,Total Opex,false,1,,,,,AMOUNT,false,telha.ghanchi@datanexum.com,"Wednesday, August 6, 2025"
86,Midstream Budget Statement,0,Midstream Budget Statement,4,EBITDA,2,Opex **inflation Adjusted,8,MOX,0,,0,,0,,0,,0,,1,,,,,,,false,false,false,false,false,false,true,false,false,true,false,Opex **inflation Adjusted,,Opex **inflation Adjusted**Opex **inflation Adjusted**MOX,,,,,,Total Opex,false,1,,,,,AMOUNT,false,telha.ghanchi@datanexum.com,"Wednesday, August 6, 2025"
104,Midstream Budget Statement,0,Midstream Budget Statement,4,EBITDA,3,Total Opex,0,Sum of all Opex,0,,0,,0,,0,,0,,1,,,,,,,false,false,false,false,false,true,true,false,false,true,false,Total Opex,,Total Opex**Total Opex**Sum of all Opex,,,,,,Total Opex,false,1,Total Opex,SUM,,,AMOUNT,false,telha.ghanchi@datanexum.com,"Wednesday, August 6, 2025"
46,Midstream Budget Statement,0,Midstream Budget Statement,4,EBITDA,4,3rd Party Fees **inflation Adjusted,0,Spill Over Detail,0,,0,,0,,0,,0,,1,,,,,,,false,false,false,false,false,false,true,false,false,true,false,3rd Party Fees **inflation Adjusted,,3rd Party Fees **inflation Adjusted**3rd Party Fees **inflation Adjusted**Spill Over Detail,,,,,,Total 3rd Party Fees,false,1,,,,,AMOUNT,false,telha.ghanchi@datanexum.com,"Wednesday, August 6, 2025"
87,Midstream Budget Statement,0,Midstream Budget Statement,4,EBITDA,4,3rd Party Fees **inflation Adjusted,1,Sleeve Deal,0,,0,,0,,0,,0,,1,,,,,,,false,false,false,false,false,false,true,false,false,true,false,3rd Party Fees **inflation Adjusted,,3rd Party Fees **inflation Adjusted**3rd Party Fees **inflation Adjusted**Sleeve Deal,,,,,,Total 3rd Party Fees,false,1,,,,,AMOUNT,false,telha.ghanchi@datanexum.com,"Wednesday, August 6, 2025"
88,Midstream Budget Statement,0,Midstream Budget Statement,4,EBITDA,4,3rd Party Fees **inflation Adjusted,2,TBD,0,,0,,0,,0,,0,,1,,,,,,,false,false,false,false,false,false,true,false,false,true,false,3rd Party Fees **inflation Adjusted,,3rd Party Fees **inflation Adjusted**3rd Party Fees **inflation Adjusted**TBD,,,,,,Total 3rd Party Fees,false,1,,,,,AMOUNT,false,telha.ghanchi@datanexum.com,"Wednesday, August 6, 2025"
97,Midstream Budget Statement,0,Midstream Budget Statement,4,EBITDA,5,Total 3rd Party Fees,0,Sum of all3rd party Fees,0,,0,,0,,0,,0,,1,,,,,,,false,false,false,false,false,true,true,false,false,true,false,Total 3rd Party Fees,,Total 3rd Party Fees**Total 3rd Party Fees**Sum of all3rd party Fees,,,,,,Total 3rd Party Fees,false,1,Total 3rd Party Fees,SUM,,,AMOUNT,false,telha.ghanchi@datanexum.com,"Wednesday, August 6, 2025"
38,Midstream Budget Statement,0,Midstream Budget Statement,5,Capex,0,Growth Capex,0,,0,,0,,0,,0,,0,,1,,,,,,,false,false,false,false,false,false,true,false,false,true,false,Growth Capex,,Growth Capex**Growth Capex**,,,,,,Total Capex,false,1,,,,,AMOUNT,false,telha.ghanchi@datanexum.com,"Wednesday, August 6, 2025"
40,Midstream Budget Statement,0,Midstream Budget Statement,5,Capex,1,LRP Well Connect Capex,0,,0,,0,,0,,0,,0,,1,,,,,,,false,false,false,false,false,false,true,false,false,true,false,LRP Well Connect Capex,,LRP Well Connect Capex**LRP Well Connect Capex**,,,,,,Total Capex,false,1,,,,,AMOUNT,false,telha.ghanchi@datanexum.com,"Wednesday, August 6, 2025"
41,Midstream Budget Statement,0,Midstream Budget Statement,5,Capex,2,Asset Purchase,0,,0,,0,,0,,0,,0,,1,,,,,,,false,false,false,false,false,false,true,false,false,true,false,Asset Purchase,,Asset Purchase**Asset Purchase**,,,,,,Total Capex,false,1,,,,,AMOUNT,false,telha.ghanchi@datanexum.com,"Wednesday, August 6, 2025"
42,Midstream Budget Statement,0,Midstream Budget Statement,5,Capex,3,Total Capex,0,Sum of all Capex,0,,0,,0,,0,,0,,1,,,,,,,false,false,false,false,false,true,true,false,false,true,false,Total Capex,,Total Capex**Total Capex**Sum of all Capex,,,,,,Total Capex,false,1,Total Capex,SUM,,,AMOUNT,false,telha.ghanchi@datanexum.com,"Wednesday, August 6, 2025"
19,Midstream Budget Statement,0,Midstream Budget Statement,1,Average Monthly Volume Summary,8,Volume/d,0,Gross Gathered Volume (Mcf/d),0,Gross Gathered Volume divide by Days,0,Total Gross Gathered Volume,0,,0,,0,,1,,,,,,,false,false,false,false,false,true,true,true,false,true,false,Volume/d,,Volume/d**Volume/d**Gross Gathered Volume (Mcf/d),,,,,,Gross Gathered Volume divide by Days,false,2,Total Gross Gathered Volume,ADD,,,DIVIDE BY DAYS,false,telha.ghanchi@datanexum.com,"Wednesday, August 6, 2025"
20,Midstream Budget Statement,0,Midstream Budget Statement,1,Average Monthly Volume Summary,8,Volume/d,1,Net Gathered Volume (Mcf/d),0,Net Gathered Volume divide by Days,1,Product of Gross Gas W Factors,0,,0,,0,,1,,,,,,,false,false,false,false,false,true,true,true,false,true,false,Volume/d,,Volume/d**Volume/d**Net Gathered Volume (Mcf/d),,,,,,Net Gathered Volume divide by Days,false,2,Product of Gross Gas W Factors,ADD,,,DIVIDE BY DAYS,false,telha.ghanchi@datanexum.com,"Wednesday, August 6, 2025"
21,Midstream Budget Statement,0,Midstream Budget Statement,1,Average Monthly Volume Summary,8,Volume/d,2,Plant Inlet (Mcf/d),0,Plant Inlet divide by Days,2,BTU Factor,0,,0,,0,,1,,,,,,,false,false,false,false,false,true,true,true,false,true,false,Volume/d,,Volume/d**Volume/d**Plant Inlet (Mcf/d),,,,,,Plant Inlet divide by Days,false,2,BTU Factor,ADD,,,DIVIDE BY DAYS,false,telha.ghanchi@datanexum.com,"Wednesday, August 6, 2025"
30,Midstream Budget Statement,0,Midstream Budget Statement,1,Average Monthly Volume Summary,11,Gross Gathered Volume (Mcf),0,Total Gross Gathered Volume,0,,0,,0,,0,,0,,1,,,,,,,false,false,false,false,false,true,true,true,false,true,false,Gross Gathered Volume (Mcf),,Gross Gathered Volume (Mcf) **Gross Gathered Volume (Mcf) **Total Gross Gathered Volume,,,,,,Gross Gathered Volume (Mcf),false,2,Total Gross Gathered Volume,ADD,,,HIDE,false,telha.ghanchi@datanexum.com,"Wednesday, August 6, 2025"
67,Midstream Budget Statement,0,Midstream Budget Statement,2,Buy/Sell Activity,9,Net Buy/Sell Activity,1,Cost of Purchased Gas,0,Reference: Total Cost of Purchased Gas,0,,0,,0,,0,,1,,,,,,,false,false,false,false,false,true,true,false,false,true,false,Net Buy/Sell Activity,,Net Buy/Sell Activity**Net Buy/Sell Activity**Cost of Purchased Gas,,,,,,Net Buy/Sell Activity COPG,false,2,Total Cost of Purchased Gas,ADD,,,AMOUNT,false,telha.ghanchi@datanexum.com,"Wednesday, August 6, 2025"
69,Midstream Budget Statement,0,Midstream Budget Statement,2,Buy/Sell Activity,10,Total Net Buy/Sell Activity,0,Formula: Total Sales Revenue minus Total Cost of Purchased Gas,0,,0,,0,,0,,0,,1,,,,,,,false,false,false,false,false,false,true,false,false,true,false,Total Net Buy/Sell Activity,,Total Net Buy/Sell Activity**Total Net Buy/Sell Activity**Formula: Total Sales Revenue minus Total Cost of Purchased Gas,,,,,,Total Net Buy/Sell Activity,false,2,Total Cost of Purchased Gas,SUBTRACT,,,AMOUNT,false,telha.ghanchi@datanexum.com,"Wednesday, August 6, 2025"
98,Midstream Budget Statement,0,Midstream Budget Statement,4,EBITDA,7,Total EBITDA,0,,0,,0,,0,,0,,0,,1,,,,,,,false,false,false,false,false,true,true,false,false,true,false,Total EBITDA,,Total EBITDA**Total EBITDA**,,,,,,Total EBITDA,false,2,Total Cost of Purchased Gas,SUBTRACT,,,AMOUNT,false,telha.ghanchi@datanexum.com,"Wednesday, August 6, 2025"
98,Midstream Budget Statement,0,Midstream Budget Statement,4,EBITDA,7,Total EBITDA,0,,0,,0,,0,,0,,0,,1,,,,,,,false,false,false,false,false,true,true,false,false,true,false,Total EBITDA,,Total EBITDA**Total EBITDA**,,,,,,Total EBITDA,false,2,Total Opex,SUBTRACT,,,AMOUNT,false,telha.ghanchi@datanexum.com,"Wednesday, August 6, 2025"
98,Midstream Budget Statement,0,Midstream Budget Statement,4,EBITDA,7,Total EBITDA,0,,0,,0,,0,,0,,0,,1,,,,,,,false,false,false,false,false,true,true,false,false,true,false,Total EBITDA,,Total EBITDA**Total EBITDA**,,,,,,Total EBITDA,false,2,Total 3rd Party Fees,SUBTRACT,,,AMOUNT,false,telha.ghanchi@datanexum.com,"Wednesday, August 6, 2025"
101,Midstream Budget Statement,0,Midstream Budget Statement,6,Cash Flow,0,Free Cash Flow,0,EBITDA,0,Reference: Total EBITDA,0,,0,,0,,0,,1,,,,,,,false,false,false,false,false,true,true,false,false,true,false,Free Cash Flow,,Free Cash Flow**Free Cash Flow**EBITDA,,,,,,Free Cash Flow EBIDTA,false,2,Total Cost of Purchased Gas,SUBTRACT,,,AMOUNT,false,telha.ghanchi@datanexum.com,"Wednesday, August 6, 2025"
101,Midstream Budget Statement,0,Midstream Budget Statement,6,Cash Flow,0,Free Cash Flow,0,EBITDA,0,Reference: Total EBITDA,0,,0,,0,,0,,1,,,,,,,false,false,false,false,false,true,true,false,false,true,false,Free Cash Flow,,Free Cash Flow**Free Cash Flow**EBITDA,,,,,,Free Cash Flow EBIDTA,false,2,Total Opex,SUBTRACT,,,AMOUNT,false,telha.ghanchi@datanexum.com,"Wednesday, August 6, 2025"
101,Midstream Budget Statement,0,Midstream Budget Statement,6,Cash Flow,0,Free Cash Flow,0,EBITDA,0,Reference: Total EBITDA,0,,0,,0,,0,,1,,,,,,,false,false,false,false,false,true,true,false,false,true,false,Free Cash Flow,,Free Cash Flow**Free Cash Flow**EBITDA,,,,,,Free Cash Flow EBIDTA,false,2,Total 3rd Party Fees,SUBTRACT,,,AMOUNT,false,telha.ghanchi@datanexum.com,"Wednesday, August 6, 2025"
102,Midstream Budget Statement,0,Midstream Budget Statement,6,Cash Flow,0,Free Cash Flow,1,Capex,0,Reference: Total Capex,0,,0,,0,,0,,1,,,,,,,false,false,false,false,false,true,true,false,false,true,false,Free Cash Flow,,Free Cash Flow**Free Cash Flow**Capex,,,,,,Free Cash Flow CAPEX,false,2,Total Capex,ADD,,,AMOUNT,false,telha.ghanchi@datanexum.com,"Wednesday, August 6, 2025"
98,Midstream Budget Statement,0,Midstream Budget Statement,4,EBITDA,7,Total EBITDA,0,,0,,0,,0,,0,,0,,1,,,,,,,false,false,false,false,false,true,true,false,false,true,false,Total EBITDA,,Total EBITDA**Total EBITDA**,,,,,,Total EBITDA,false,2,Total Service Revenue2,ADD,,,AMOUNT,false,telha.ghanchi@datanexum.com,"Wednesday, August 6, 2025"
66,Midstream Budget Statement,0,Midstream Budget Statement,2,Buy/Sell Activity,9,Net Buy/Sell Activity,0,Sales Revenue,0,Reference: Total Sales Revenue,0,,0,,0,,0,,1,,,,,,,false,false,false,false,false,true,true,false,false,true,false,Net Buy/Sell Activity,,Net Buy/Sell Activity**Net Buy/Sell Activity**Sales Revenue,,,,,,Net Buy/Sell Activity Sales,false,2,Total Sales Revenue,ADD,,,AMOUNT,false,telha.ghanchi@datanexum.com,"Wednesday, August 6, 2025"
69,Midstream Budget Statement,0,Midstream Budget Statement,2,Buy/Sell Activity,10,Total Net Buy/Sell Activity,0,Formula: Total Sales Revenue minus Total Cost of Purchased Gas,0,,0,,0,,0,,0,,1,,,,,,,false,false,false,false,false,false,true,false,false,true,false,Total Net Buy/Sell Activity,,Total Net Buy/Sell Activity**Total Net Buy/Sell Activity**Formula: Total Sales Revenue minus Total Cost of Purchased Gas,,,,,,Total Net Buy/Sell Activity,false,2,Total Sales Revenue,ADD,,,AMOUNT,false,telha.ghanchi@datanexum.com,"Wednesday, August 6, 2025"
101,Midstream Budget Statement,0,Midstream Budget Statement,6,Cash Flow,0,Free Cash Flow,0,EBITDA,0,Reference: Total EBITDA,0,,0,,0,,0,,1,,,,,,,false,false,false,false,false,true,true,false,false,true,false,Free Cash Flow,,Free Cash Flow**Free Cash Flow**EBITDA,,,,,,Free Cash Flow EBIDTA,false,2,Total Service Revenue2,ADD,,,AMOUNT,false,telha.ghanchi@datanexum.com,"Wednesday, August 6, 2025"
99,Midstream Budget Statement,0,Midstream Budget Statement,6,Cash Flow,2,Total Free Cash Flow,0,Total EBITDA minus Total Capex,0,,0,,0,,0,,0,,1,,,,,,,false,false,false,false,false,true,true,false,false,true,false,Total Free Cash Flow,,Total Free Cash Flow**Total Free Cash Flow**Total EBITDA minus Total Capex,,,,,,Total Free Cash Flow,false,2,Total Service Revenue2,ADD,,,AMOUNT,false,telha.ghanchi@datanexum.com,"Wednesday, August 6, 2025"
99,Midstream Budget Statement,0,Midstream Budget Statement,6,Cash Flow,2,Total Free Cash Flow,0,Total EBITDA minus Total Capex,0,,0,,0,,0,,0,,1,,,,,,,false,false,false,false,false,true,true,false,false,true,false,Total Free Cash Flow,,Total Free Cash Flow**Total Free Cash Flow**Total EBITDA minus Total Capex,,,,,,Total Free Cash Flow,false,2,Total Cost of Purchased Gas,SUBTRACT,,,AMOUNT,false,telha.ghanchi@datanexum.com,"Wednesday, August 6, 2025"
90,Midstream Budget Statement,0,Midstream Budget Statement,4,EBITDA,6,EBITDA,2,Opex,0,Reference: Total Opex,0,,0,,0,,0,,1,,,,,,,false,false,false,false,false,true,true,false,false,true,false,EBITDA,,EBITDA**EBITDA**Opex,,,,,,Total Opex,false,2,Total Opex,ADD,,,AMOUNT,false,telha.ghanchi@datanexum.com,"Wednesday, August 6, 2025"
91,Midstream Budget Statement,0,Midstream Budget Statement,4,EBITDA,6,EBITDA,3,3rd Party Fees,0,Reference: Total 3rd Party Fees,0,,0,,0,,0,,1,,,,,,,false,false,false,false,false,true,true,false,false,true,false,EBITDA,,EBITDA**EBITDA**3rd Party Fees,,,,,,Total 3rd Party Fees,false,2,Total 3rd Party Fees,ADD,,,AMOUNT,false,telha.ghanchi@datanexum.com,"Wednesday, August 6, 2025"
47,Midstream Budget Statement,0,Midstream Budget Statement,4,EBITDA,6,EBITDA,0,Service Revenue,0,Reference: Total Service Revenue,0,,0,,0,,0,,1,,,,,,,false,false,false,false,false,true,true,false,false,true,false,EBITDA,,EBITDA**EBITDA**Net Buy/Sell Activity,,,,,,Total Cost of Purchased Gas,false,2,Total Cost of Purchased Gas,ADD,,,AMOUNT,false,telha.ghanchi@datanexum.com,"Wednesday, August 6, 2025"
47,Midstream Budget Statement,0,Midstream Budget Statement,4,EBITDA,6,EBITDA,0,Service Revenue,0,Reference: Total Service Revenue,0,,0,,0,,0,,1,,,,,,,false,false,false,false,false,true,true,false,false,true,false,EBITDA,,EBITDA**EBITDA**Net Buy/Sell Activity,,,,,,Total Service Revenue2,false,2,Total Service Revenue2,ADD,,,AMOUNT,false,telha.ghanchi@datanexum.com,"Wednesday, August 6, 2025"
89,Midstream Budget Statement,0,Midstream Budget Statement,4,EBITDA,6,EBITDA,1,Net Buy/Sell Activity,0,Reference: Net Buy/Sell Activity,0,,0,,0,,0,,1,,,,,,,false,false,false,false,false,true,true,false,false,true,false,EBITDA,,EBITDA**EBITDA**Service Revenue,,,,,,Total Sales Revenue,false,2,Total Sales Revenue,ADD,,,AMOUNT,false,telha.ghanchi@datanexum.com,"Wednesday, August 6, 2025"
98,Midstream Budget Statement,0,Midstream Budget Statement,4,EBITDA,7,Total EBITDA,0,,0,,0,,0,,0,,0,,1,,,,,,,false,false,false,false,false,true,true,false,false,true,false,Total EBITDA,,Total EBITDA**Total EBITDA**,,,,,,Total EBITDA,false,2,Total Sales Revenue,ADD,,,AMOUNT,false,telha.ghanchi@datanexum.com,"Wednesday, August 6, 2025"
101,Midstream Budget Statement,0,Midstream Budget Statement,6,Cash Flow,0,Free Cash Flow,0,EBITDA,0,Reference: Total EBITDA,0,,0,,0,,0,,1,,,,,,,false,false,false,false,false,true,true,false,false,true,false,Free Cash Flow,,Free Cash Flow**Free Cash Flow**EBITDA,,,,,,Free Cash Flow EBIDTA,false,2,Total Sales Revenue,ADD,,,AMOUNT,false,telha.ghanchi@datanexum.com,"Wednesday, August 6, 2025"
100,Midstream Budget Statement,0,Midstream Budget Statement,6,Cash Flow,2,Total Free Cash Flow,0,Total EBITDA minus Total Capex,0,,0,,0,,0,,0,,1,,,,,,,false,false,false,false,false,true,true,false,false,true,false,Total Free Cash Flow,,Total Free Cash Flow**Total Free Cash Flow**Total EBITDA minus Total Capex,,,,,,Total Free Cash Flow,false,2,Total Sales Revenue,ADD,,,AMOUNT,false,telha.ghanchi@datanexum.com,"Wednesday, August 6, 2025"
99,Midstream Budget Statement,0,Midstream Budget Statement,6,Cash Flow,2,Total Free Cash Flow,0,Total EBITDA minus Total Capex,0,,0,,0,,0,,0,,1,,,,,,,false,false,false,false,false,true,true,false,false,true,false,Total Free Cash Flow,,Total Free Cash Flow**Total Free Cash Flow**Total EBITDA minus Total Capex,,,,,,Total Free Cash Flow,false,2,Total Opex,SUBTRACT,,,AMOUNT,false,telha.ghanchi@datanexum.com,"Wednesday, August 6, 2025"
99,Midstream Budget Statement,0,Midstream Budget Statement,6,Cash Flow,2,Total Free Cash Flow,0,Total EBITDA minus Total Capex,0,,0,,0,,0,,0,,1,,,,,,,false,false,false,false,false,true,true,false,false,true,false,Total Free Cash Flow,,Total Free Cash Flow**Total Free Cash Flow**Total EBITDA minus Total Capex,,,,,,Total Free Cash Flow,false,2,Total 3rd Party Fees,SUBTRACT,,,AMOUNT,false,telha.ghanchi@datanexum.com,"Wednesday, August 6, 2025"
100,Midstream Budget Statement,0,Midstream Budget Statement,6,Cash Flow,2,Total Free Cash Flow,0,Total EBITDA minus Total Capex,0,,0,,0,,0,,0,,1,,,,,,,false,false,false,false,false,true,true,false,false,true,false,Total Free Cash Flow,,Total Free Cash Flow**Total Free Cash Flow**Total EBITDA minus Total Capex,,,,,,Total Free Cash Flow,false,2,Total Capex,SUBTRACT,,,AMOUNT,false,telha.ghanchi@datanexum.com,"Wednesday, August 6, 2025"
1164,Midstream Budget Statement,0,Midstream Budget Statement,4,EBITDA,0,Service Revenue **inflation Adjusted,7,Thorn Lake JV Tellurian Gas Treating,0,,0,,0,,0,,0,,1,,,,,,,false,false,false,false,false,false,true,false,false,true,false,Service Revenue **inflation Adjusted,,Service Revenue **inflation Adjusted**Service Revenue **inflation Adjusted**Thorn Lake JV Tellurian Gas Treating,,,,,,Total Service Revenue2,false,1,,,,,AMOUNT,false,uzair.ahmadani@datanexum.com,2025-10-17 06:05:09.850 -0700
1165,Midstream Budget Statement,0,Midstream Budget Statement,4,EBITDA,0,Service Revenue **inflation Adjusted,7,TLE - Rex Young & Walnut $0.07 Gathering,0,,0,,0,,0,,0,,1,,,,,,,false,false,false,false,false,false,true,false,false,true,false,Service Revenue **inflation Adjusted,,Midstream Budget StatementEBITDAService Revenue **inflation AdjustedTLE - Rex Young & Walnut $0.07 Gathering,,,,,,Total Service Revenue2,false,1,,,,,AMOUNT,false,uzair.ahmadani@datanexum.com,2025-10-27 08:42:42.633 -0700
