XREF_HIERARCHY_KEY,FK_REPORT_KEY,HIERARCHY_GROUP_NAME,LEVEL_1_SORT,LEVEL_1,LEVEL_2_SORT,LEVEL_2,LEVEL_3_SORT,LEVEL_3,LEVEL_4_SORT,LEVEL_4,LEVEL_5_SORT,LEVEL_5,LEVEL_6_SORT,LEVEL_6,LEVEL_7_SORT,LEVEL_7,LEVEL_8_SORT,LEVEL_8,LEVEL_9_SORT,LEVEL_9,ID_NAME,ID,ID_SOURCE,ID_TABLE,ID_SCHEMA,ID_DATABASE,GROUP_FILTER_PRECEDENCE,DO_NOT_EXPAND_FLAG,IS_SECURED_FLAG,SPLIT_ACTIVE_FLAG,EXCLUSION_FLAG,CALCULATION_FLAG,ACTIVE_FLAG,VOLUME_FLAG,ID_UNPIVOT_FLAG,ID_ROW_FLAG,REMOVE_FROM_TOTALS,FILTER_GROUP_1,FILTER_GROUP_2,FILTER_GROUP_3,FILTER_GROUP_4,FILTER_GROUP_5,FILTER_GROUP_6,FORMULA_GROUP,SIGN_CHANGE_FLAG,FORMULA_PRECEDENCE,FORMULA_PARAM_REF,ARITHMETIC_LOGIC,FORMULA_PARAM2_CONST_NUMBER,FORMULA_REF_SOURCE,FORMULA_REF_TABLE,CREATE_NEW_COLUMN,UPDATED_BY,UPDATED_AT
1213,1,Midstream Budget Statement,0,Midstream Budget Statement,0,NYMEX,0,NYMEX WTI Strip Price,0,,0,,0,,0,,0,,0,,,Current,NYMEX_Strip,TBL_0_NYMEX_MIDSTREAM,CORE_MIDSTREAM,TRANSFORMATION,1,false,false,false,false,false,true,false,false,true,false,Midstream Budget Statement,Midstream Budget StatementNYMEXNYMEX WTI Strip Price,,,,,,,1,,,1,,,false,telha.ghanchi@datanexum.com,20:45.5
1214,3,Midstream Budget Statement,0,Midstream Budget Statement,0,NYMEX,1,NYMEX Less CGT Differential,0,,0,,0,,0,,0,,0,,,Current_Diff,NYMEX_Strip_ID,TLB_0_NYMEX_MIDSTREAM,CORE_MIDSTREAM,TRANSFORMATION,1,false,false,false,false,false,true,false,false,true,false,Midstream Budget Statement,Midstream Budget StatementNYMEXNYMEX Less CGT Differential,,,,,,,1,,,1,,,false,telha.ghanchi@datanexum.com,20:45.5
1215,4,Midstream Budget Statement,0,Midstream Budget Statement,1,Average Monthly Volume Summary,1,Volume by Type (Mcf),0,1PDP,0,,0,,0,,0,,0,,,1PDP,ATTRIBUTE,VW_3_FACT_REPORTING_MAPPING,CORE_MIDSTREAM,TRANSFORMATION,1,false,false,false,false,false,true,false,false,true,false,Midstream Budget Statement,Midstream Budget StatementAverage Monthly Volume SummaryVolume by Type (Mcf)1PDP,,,,,,,1,,,1,,,false,telha.ghanchi@datanexum.com,20:45.5
1216,13,Midstream Budget Statement,0,Midstream Budget Statement,1,Average Monthly Volume Summary,1,Volume by Type (Mcf),1,2PDNP,0,,0,,0,,0,,0,,,2PDNP,ATTRIBUTE,VW_3_FACT_REPORTING_MAPPING,CORE_MIDSTREAM,TRANSFORMATION,1,false,false,false,false,false,true,false,false,true,false,Midstream Budget Statement,Midstream Budget StatementAverage Monthly Volume SummaryVolume by Type (Mcf)2PDNP,,,,,,,1,,,1,,,false,telha.ghanchi@datanexum.com,20:45.5
1217,14,Midstream Budget Statement,0,Midstream Budget Statement,1,Average Monthly Volume Summary,1,Volume by Type (Mcf),2,3PUD,0,,0,,0,,0,,0,,,3PUD,ATTRIBUTE,VW_3_FACT_REPORTING_MAPPING,CORE_MIDSTREAM,TRANSFORMATION,1,false,false,false,false,false,true,false,false,true,false,Midstream Budget Statement,Midstream Budget StatementAverage Monthly Volume SummaryVolume by Type (Mcf)3PUD,,,,,,,1,,,1,,,false,telha.ghanchi@datanexum.com,20:45.5
1218,15,Midstream Budget Statement,0,Midstream Budget Statement,1,Average Monthly Volume Summary,1,Volume by Type (Mcf),3,4PROB,0,,0,,0,,0,,0,,,4PROB,ATTRIBUTE,VW_3_FACT_REPORTING_MAPPING,CORE_MIDSTREAM,TRANSFORMATION,1,false,false,false,false,false,true,false,false,true,false,Midstream Budget Statement,Midstream Budget StatementAverage Monthly Volume SummaryVolume by Type (Mcf)4PROB,,,,,,,1,,,1,,,false,telha.ghanchi@datanexum.com,20:45.5
1219,16,Midstream Budget Statement,0,Midstream Budget Statement,1,Average Monthly Volume Summary,1,Volume by Type (Mcf),4,5POSS,0,,0,,0,,0,,0,,,5POSS,ATTRIBUTE,VW_3_FACT_REPORTING_MAPPING,CORE_MIDSTREAM,TRANSFORMATION,1,false,false,false,false,false,true,false,false,true,false,Midstream Budget Statement,Midstream Budget StatementAverage Monthly Volume SummaryVolume by Type (Mcf)5POSS,,,,,,,1,,,1,,,false,telha.ghanchi@datanexum.com,20:45.5
1220,8,Midstream Budget Statement,0,Midstream Budget Statement,1,Average Monthly Volume Summary,3,Gross Gathered Volume Factors,0,Production Shrink & Line Loss,0,,0,,0,,0,,0,,,Production Shrink & Line Loss,ATTRIBUTE,VW_3_FACT_REPORTING_MAPPING,CORE_MIDSTREAM,,1,false,false,false,false,false,true,false,false,true,false,Midstream Budget Statement,Midstream Budget StatementAverage Monthly Volume SummaryGross Gathered Volume Factors,,,,,,,1,,,1,,,false,telha.ghanchi@datanexum.com,20:45.5
1221,9,Midstream Budget Statement,0,Midstream Budget Statement,1,Average Monthly Volume Summary,3,Gross Gathered Volume Factors,1,Less Plant Downtime,0,,0,,0,,0,,0,,,Plant Downtime (Plant Inlet Vols),ATTRIBUTE,VW_3_FACT_REPORTING_MAPPING,CORE_MIDSTREAM,,1,false,false,false,false,false,true,false,false,true,false,Midstream Budget Statement,Midstream Budget StatementAverage Monthly Volume SummaryGross Gathered Volume FactorsLess Plant Downtime,,,,,,,1,,,1,,,false,telha.ghanchi@datanexum.com,20:45.5
1222,10,Midstream Budget Statement,0,Midstream Budget Statement,1,Average Monthly Volume Summary,3,Gross Gathered Volume Factors,2,Voluntary Curtailment,0,,0,,0,,0,,0,,,Voluntary Curtailment,ATTRIBUTE,VW_3_FACT_REPORTING_MAPPING,CORE_MIDSTREAM,,1,false,false,false,false,false,true,false,false,true,false,Midstream Budget Statement,Midstream Budget StatementAverage Monthly Volume SummaryGross Gathered Volume FactorsVoluntary Curtailment,,,,,,,1,,,1,,,false,telha.ghanchi@datanexum.com,20:45.5
1223,11,Midstream Budget Statement,0,Midstream Budget Statement,1,Average Monthly Volume Summary,3,Gross Gathered Volume Factors,3,Less Contract Fuel,0,,0,,0,,0,,0,,,FUEL_PERCENT,ATTRIBUTE,VW_3_FACT_REPORTING_MAPPING,CORE_MIDSTREAM,,1,false,false,false,false,false,true,false,false,true,false,Midstream Budget Statement,Midstream Budget StatementAverage Monthly Volume SummaryGross Gathered Volume FactorsLess Contract Fuel,,,,,,,1,,,1,,,false,telha.ghanchi@datanexum.com,20:45.5
1223,1111,Midstream Budget Statement,0,Midstream Budget Statement,1,Average Monthly Volume Summary,3,Gross Gathered Volume Factors,4,Gross Gathered Volume (Mcf),0,,0,,0,,0,,0,,,Net Volume - Gross Volume,ATTRIBUTE,VW_3_FACT_REPORTING_MAPPING,CORE_MIDSTREAM,,1,false,false,false,false,false,true,false,false,true,false,Midstream Budget Statement,Midstream Budget StatementAverage Monthly Volume SummaryGross Gathered Volume FactorsLess Contract Fuel,,,,,,,1,,,1,,,false,telha.ghanchi@datanexum.com,20:45.5
1228,17,Midstream Budget Statement,0,Midstream Budget Statement,1,Average Monthly Volume Summary,5,BTU Factor,0,,0,,0,,0,,0,,0,,,Production Shrink & Line Loss-GAS_STREAM_BTU,ATTRIBUTE,VW_3_FACT_REPORTING_MAPPING,CORE_MIDSTREAM,,1,false,false,false,false,false,true,false,false,true,false,Midstream Budget Statement,Midstream Budget StatementAverage Monthly Volume SummaryBTU Factor,,,,,,,1,,,1,,,false,telha.ghanchi@datanexum.com,20:45.5
1229,17,Midstream Budget Statement,0,Midstream Budget Statement,1,Average Monthly Volume Summary,5,BTU Factor,0,,0,,0,,0,,0,,0,,,Plant Downtime (Plant Inlet Vols)-GAS_STREAM_BTU,ATTRIBUTE,VW_3_FACT_REPORTING_MAPPING,CORE_MIDSTREAM,,1,false,false,false,false,false,true,false,false,true,false,Midstream Budget Statement,Midstream Budget StatementAverage Monthly Volume SummaryBTU Factor,,,,,,,1,,,1,,,false,telha.ghanchi@datanexum.com,20:45.5
1230,17,Midstream Budget Statement,0,Midstream Budget Statement,1,Average Monthly Volume Summary,5,BTU Factor,0,,0,,0,,0,,0,,0,,,Voluntary Curtailment-GAS_STREAM_BTU,ATTRIBUTE,VW_3_FACT_REPORTING_MAPPING,CORE_MIDSTREAM,,1,false,false,false,false,false,true,false,false,true,false,Midstream Budget Statement,Midstream Budget StatementAverage Monthly Volume SummaryBTU Factor,,,,,,,1,,,1,,,false,telha.ghanchi@datanexum.com,20:45.5
1231,17,Midstream Budget Statement,0,Midstream Budget Statement,1,Average Monthly Volume Summary,5,BTU Factor,0,,0,,0,,0,,0,,0,,,FUEL_PERCENT-GAS_STREAM_BTU,ATTRIBUTE,VW_3_FACT_REPORTING_MAPPING,CORE_MIDSTREAM,,1,false,false,false,false,false,true,false,false,true,false,Midstream Budget Statement,Midstream Budget StatementAverage Monthly Volume SummaryBTU Factor,,,,,,,1,,,1,,,false,telha.ghanchi@datanexum.com,20:45.5
1331,17,Midstream Budget Statement,0,Midstream Budget Statement,1,Average Monthly Volume Summary,5,BTU Factor,0,,0,,0,,0,,0,,0,,,Net Volume - Gross Volume-GAS_STREAM_BTU,ATTRIBUTE,VW_3_FACT_REPORTING_MAPPING,CORE_MIDSTREAM,,1,false,false,false,false,false,true,false,false,true,false,Midstream Budget Statement,Midstream Budget StatementAverage Monthly Volume SummaryBTU Factor,,,,,,,1,,,1,,,false,telha.ghanchi@datanexum.com,20:45.5
1233,22,Midstream Budget Statement,0,Midstream Budget Statement,1,Average Monthly Volume Summary,8,Service Revenue Fee Rate ($/MMBtu) **inflation Adj,0,Gathering,0,,0,,0,,0,,0,,,GATHERING_FEE_RATE-SREV,ATTRIBUTE,VW_3_FACT_REPORTING_MAPPING,CORE_MIDSTREAM,,1,false,false,false,false,false,true,false,false,true,false,Midstream Budget Statement,Midstream Budget StatementAverage Monthly Volume SummaryService Revenue Fee Rate ($/MMBtu) **inflation AdjGathering,,,,,,,1,,,1,,,false,telha.ghanchi@datanexum.com,20:45.5
1228,22,Midstream Budget Statement,0,Midstream Budget Statement,1,Average Monthly Volume Summary,8,Service Revenue Fee Rate ($/MMBtu) **inflation Adj,0,Gathering,0,,0,,0,,0,,0,,,Production Shrink & Line Loss-GAS_STREAM_BTU,ATTRIBUTE2,VW_3_FACT_REPORTING_MAPPING,CORE_MIDSTREAM,,1,false,false,false,false,false,true,false,false,true,false,Midstream Budget Statement,Midstream Budget StatementAverage Monthly Volume SummaryService Revenue Fee Rate ($/MMBtu) **inflation AdjGathering,,,,,,,1,,,1,,,false,telha.ghanchi@datanexum.com,20:45.5
1229,22,Midstream Budget Statement,0,Midstream Budget Statement,1,Average Monthly Volume Summary,8,Service Revenue Fee Rate ($/MMBtu) **inflation Adj,0,Gathering,0,,0,,0,,0,,0,,,Plant Downtime (Plant Inlet Vols)-GAS_STREAM_BTU,ATTRIBUTE2,VW_3_FACT_REPORTING_MAPPING,CORE_MIDSTREAM,,1,false,false,false,false,false,true,false,false,true,false,Midstream Budget Statement,Midstream Budget StatementAverage Monthly Volume SummaryService Revenue Fee Rate ($/MMBtu) **inflation AdjGathering,,,,,,,1,,,1,,,false,telha.ghanchi@datanexum.com,20:45.5
1230,22,Midstream Budget Statement,0,Midstream Budget Statement,1,Average Monthly Volume Summary,8,Service Revenue Fee Rate ($/MMBtu) **inflation Adj,0,Gathering,0,,0,,0,,0,,0,,,Voluntary Curtailment-GAS_STREAM_BTU,ATTRIBUTE2,VW_3_FACT_REPORTING_MAPPING,CORE_MIDSTREAM,,1,false,false,false,false,false,true,false,false,true,false,Midstream Budget Statement,Midstream Budget StatementAverage Monthly Volume SummaryService Revenue Fee Rate ($/MMBtu) **inflation AdjGathering,,,,,,,1,,,1,,,false,telha.ghanchi@datanexum.com,20:45.5
1231,22,Midstream Budget Statement,0,Midstream Budget Statement,1,Average Monthly Volume Summary,8,Service Revenue Fee Rate ($/MMBtu) **inflation Adj,0,Gathering,0,,0,,0,,0,,0,,,FUEL_PERCENT-GAS_STREAM_BTU,ATTRIBUTE2,VW_3_FACT_REPORTING_MAPPING,CORE_MIDSTREAM,,1,false,false,false,false,false,true,false,false,true,false,Midstream Budget Statement,Midstream Budget StatementAverage Monthly Volume SummaryService Revenue Fee Rate ($/MMBtu) **inflation AdjGathering,,,,,,,1,,,1,,,false,telha.ghanchi@datanexum.com,20:45.5
1331,22,Midstream Budget Statement,0,Midstream Budget Statement,1,Average Monthly Volume Summary,8,Service Revenue Fee Rate ($/MMBtu) **inflation Adj,0,Gathering,0,,0,,0,,0,,0,,,Net Volume - Gross Volume-GAS_STREAM_BTU,ATTRIBUTE2,VW_3_FACT_REPORTING_MAPPING,CORE_MIDSTREAM,,1,false,false,false,false,false,true,false,false,true,false,Midstream Budget Statement,Midstream Budget StatementAverage Monthly Volume SummaryService Revenue Fee Rate ($/MMBtu) **inflation AdjGathering,,,,,,,1,,,1,,,false,telha.ghanchi@datanexum.com,20:45.5
1236,23,Midstream Budget Statement,0,Midstream Budget Statement,1,Average Monthly Volume Summary,8,Service Revenue Fee Rate ($/MMBtu) **inflation Adj,1,Compression,0,,0,,0,,0,,0,,,COMPRESSION_FEE_RATE-SREV,ATTRIBUTE,VW_3_FACT_REPORTING_MAPPING,CORE_MIDSTREAM,,1,false,false,false,false,false,true,false,false,true,false,Midstream Budget Statement,Midstream Budget StatementAverage Monthly Volume SummaryService Revenue Fee Rate ($/MMBtu) **inflation AdjCompression,,,,,,,1,,,1,,,false,telha.ghanchi@datanexum.com,20:45.5
1228,23,Midstream Budget Statement,0,Midstream Budget Statement,1,Average Monthly Volume Summary,8,Service Revenue Fee Rate ($/MMBtu) **inflation Adj,1,Compression,0,,0,,0,,0,,0,,,Production Shrink & Line Loss-GAS_STREAM_BTU,ATTRIBUTE2,VW_3_FACT_REPORTING_MAPPING,CORE_MIDSTREAM,,1,false,false,false,false,false,true,false,false,true,false,Midstream Budget Statement,Midstream Budget StatementAverage Monthly Volume SummaryService Revenue Fee Rate ($/MMBtu) **inflation AdjCompression,,,,,,,1,,,1,,,false,telha.ghanchi@datanexum.com,20:45.5
1229,23,Midstream Budget Statement,0,Midstream Budget Statement,1,Average Monthly Volume Summary,8,Service Revenue Fee Rate ($/MMBtu) **inflation Adj,1,Compression,0,,0,,0,,0,,0,,,Plant Downtime (Plant Inlet Vols)-GAS_STREAM_BTU,ATTRIBUTE2,VW_3_FACT_REPORTING_MAPPING,CORE_MIDSTREAM,,1,false,false,false,false,false,true,false,false,true,false,Midstream Budget Statement,Midstream Budget StatementAverage Monthly Volume SummaryService Revenue Fee Rate ($/MMBtu) **inflation AdjCompression,,,,,,,1,,,1,,,false,telha.ghanchi@datanexum.com,20:45.5
1230,23,Midstream Budget Statement,0,Midstream Budget Statement,1,Average Monthly Volume Summary,8,Service Revenue Fee Rate ($/MMBtu) **inflation Adj,1,Compression,0,,0,,0,,0,,0,,,Voluntary Curtailment-GAS_STREAM_BTU,ATTRIBUTE2,VW_3_FACT_REPORTING_MAPPING,CORE_MIDSTREAM,,1,false,false,false,false,false,true,false,false,true,false,Midstream Budget Statement,Midstream Budget StatementAverage Monthly Volume SummaryService Revenue Fee Rate ($/MMBtu) **inflation AdjCompression,,,,,,,1,,,1,,,false,telha.ghanchi@datanexum.com,20:45.5
1231,23,Midstream Budget Statement,0,Midstream Budget Statement,1,Average Monthly Volume Summary,8,Service Revenue Fee Rate ($/MMBtu) **inflation Adj,1,Compression,0,,0,,0,,0,,0,,,FUEL_PERCENT-GAS_STREAM_BTU,ATTRIBUTE2,VW_3_FACT_REPORTING_MAPPING,CORE_MIDSTREAM,,1,false,false,false,false,false,true,false,false,true,false,Midstream Budget Statement,Midstream Budget StatementAverage Monthly Volume SummaryService Revenue Fee Rate ($/MMBtu) **inflation AdjCompression,,,,,,,1,,,1,,,false,telha.ghanchi@datanexum.com,20:45.5
1331,23,Midstream Budget Statement,0,Midstream Budget Statement,1,Average Monthly Volume Summary,8,Service Revenue Fee Rate ($/MMBtu) **inflation Adj,1,Compression,0,,0,,0,,0,,0,,,Net Volume - Gross Volume-GAS_STREAM_BTU,ATTRIBUTE2,VW_3_FACT_REPORTING_MAPPING,CORE_MIDSTREAM,,1,false,false,false,false,false,true,false,false,true,false,Midstream Budget Statement,Midstream Budget StatementAverage Monthly Volume SummaryService Revenue Fee Rate ($/MMBtu) **inflation AdjCompression,,,,,,,1,,,1,,,false,telha.ghanchi@datanexum.com,20:45.5
1233,25,Midstream Budget Statement,0,Midstream Budget Statement,1,Average Monthly Volume Summary,8,Service Revenue Fee Rate ($/MMBtu) **inflation Adj,2,Conditioning,0,,0,,0,,0,,0,,,CONDITION_FEE_RATE-SREV,ATTRIBUTE,VW_3_FACT_REPORTING_MAPPING,CORE_MIDSTREAM,,1,false,false,false,false,false,true,false,false,true,false,Midstream Budget Statement,Midstream Budget StatementAverage Monthly Volume SummaryService Revenue Fee Rate ($/MMBtu) **inflation AdjConditioning,,,,,,,1,,,1,,,false,telha.ghanchi@datanexum.com,20:45.5
1228,25,Midstream Budget Statement,0,Midstream Budget Statement,1,Average Monthly Volume Summary,8,Service Revenue Fee Rate ($/MMBtu) **inflation Adj,2,Conditioning,0,,0,,0,,0,,0,,,Production Shrink & Line Loss-GAS_STREAM_BTU,ATTRIBUTE2,VW_3_FACT_REPORTING_MAPPING,CORE_MIDSTREAM,,1,false,false,false,false,false,true,false,false,true,false,Midstream Budget Statement,Midstream Budget StatementAverage Monthly Volume SummaryService Revenue Fee Rate ($/MMBtu) **inflation AdjConditioning,,,,,,,1,,,1,,,false,telha.ghanchi@datanexum.com,20:45.5
1229,25,Midstream Budget Statement,0,Midstream Budget Statement,1,Average Monthly Volume Summary,8,Service Revenue Fee Rate ($/MMBtu) **inflation Adj,2,Conditioning,0,,0,,0,,0,,0,,,Plant Downtime (Plant Inlet Vols)-GAS_STREAM_BTU,ATTRIBUTE2,VW_3_FACT_REPORTING_MAPPING,CORE_MIDSTREAM,,1,false,false,false,false,false,true,false,false,true,false,Midstream Budget Statement,Midstream Budget StatementAverage Monthly Volume SummaryService Revenue Fee Rate ($/MMBtu) **inflation AdjConditioning,,,,,,,1,,,1,,,false,telha.ghanchi@datanexum.com,20:45.5
1230,25,Midstream Budget Statement,0,Midstream Budget Statement,1,Average Monthly Volume Summary,8,Service Revenue Fee Rate ($/MMBtu) **inflation Adj,2,Conditioning,0,,0,,0,,0,,0,,,Voluntary Curtailment-GAS_STREAM_BTU,ATTRIBUTE2,VW_3_FACT_REPORTING_MAPPING,CORE_MIDSTREAM,,1,false,false,false,false,false,true,false,false,true,false,Midstream Budget Statement,Midstream Budget StatementAverage Monthly Volume SummaryService Revenue Fee Rate ($/MMBtu) **inflation AdjConditioning,,,,,,,1,,,1,,,false,telha.ghanchi@datanexum.com,20:45.5
1231,25,Midstream Budget Statement,0,Midstream Budget Statement,1,Average Monthly Volume Summary,8,Service Revenue Fee Rate ($/MMBtu) **inflation Adj,2,Conditioning,0,,0,,0,,0,,0,,,FUEL_PERCENT-GAS_STREAM_BTU,ATTRIBUTE2,VW_3_FACT_REPORTING_MAPPING,CORE_MIDSTREAM,,1,false,false,false,false,false,true,false,false,true,false,Midstream Budget Statement,Midstream Budget StatementAverage Monthly Volume SummaryService Revenue Fee Rate ($/MMBtu) **inflation AdjConditioning,,,,,,,1,,,1,,,false,telha.ghanchi@datanexum.com,20:45.5
1331,25,Midstream Budget Statement,0,Midstream Budget Statement,1,Average Monthly Volume Summary,8,Service Revenue Fee Rate ($/MMBtu) **inflation Adj,2,Conditioning,0,,0,,0,,0,,0,,,Net Volume - Gross Volume-GAS_STREAM_BTU,ATTRIBUTE2,VW_3_FACT_REPORTING_MAPPING,CORE_MIDSTREAM,,1,false,false,false,false,false,true,false,false,true,false,Midstream Budget Statement,Midstream Budget StatementAverage Monthly Volume SummaryService Revenue Fee Rate ($/MMBtu) **inflation AdjConditioning,,,,,,,1,,,1,,,false,telha.ghanchi@datanexum.com,20:45.5
1237,24,Midstream Budget Statement,0,Midstream Budget Statement,1,Average Monthly Volume Summary,8,Service Revenue Fee Rate ($/MMBtu) **inflation Adj,3,Treating,0,,0,,0,,0,,0,,,TREATING_FEE_RATE-SREV,ATTRIBUTE,VW_3_FACT_REPORTING_MAPPING,CORE_MIDSTREAM,,1,false,false,false,false,false,true,false,false,true,false,Midstream Budget Statement,Midstream Budget StatementAverage Monthly Volume SummaryService Revenue Fee Rate ($/MMBtu) **inflation AdjTreating,,,,,,,1,,,1,,,false,telha.ghanchi@datanexum.com,20:45.5
1228,24,Midstream Budget Statement,0,Midstream Budget Statement,1,Average Monthly Volume Summary,8,Service Revenue Fee Rate ($/MMBtu) **inflation Adj,3,Treating,0,,0,,0,,0,,0,,,Production Shrink & Line Loss-GAS_STREAM_BTU,ATTRIBUTE2,VW_3_FACT_REPORTING_MAPPING,CORE_MIDSTREAM,,1,false,false,false,false,false,true,false,false,true,false,Midstream Budget Statement,Midstream Budget StatementAverage Monthly Volume SummaryService Revenue Fee Rate ($/MMBtu) **inflation AdjTreating,,,,,,,1,,,1,,,false,telha.ghanchi@datanexum.com,20:45.5
1229,24,Midstream Budget Statement,0,Midstream Budget Statement,1,Average Monthly Volume Summary,8,Service Revenue Fee Rate ($/MMBtu) **inflation Adj,3,Treating,0,,0,,0,,0,,0,,,Plant Downtime (Plant Inlet Vols)-GAS_STREAM_BTU,ATTRIBUTE2,VW_3_FACT_REPORTING_MAPPING,CORE_MIDSTREAM,,1,false,false,false,false,false,true,false,false,true,false,Midstream Budget Statement,Midstream Budget StatementAverage Monthly Volume SummaryService Revenue Fee Rate ($/MMBtu) **inflation AdjTreating,,,,,,,1,,,1,,,false,telha.ghanchi@datanexum.com,20:45.5
1230,24,Midstream Budget Statement,0,Midstream Budget Statement,1,Average Monthly Volume Summary,8,Service Revenue Fee Rate ($/MMBtu) **inflation Adj,3,Treating,0,,0,,0,,0,,0,,,Voluntary Curtailment-GAS_STREAM_BTU,ATTRIBUTE2,VW_3_FACT_REPORTING_MAPPING,CORE_MIDSTREAM,,1,false,false,false,false,false,true,false,false,true,false,Midstream Budget Statement,Midstream Budget StatementAverage Monthly Volume SummaryService Revenue Fee Rate ($/MMBtu) **inflation AdjTreating,,,,,,,1,,,1,,,false,telha.ghanchi@datanexum.com,20:45.5
1231,24,Midstream Budget Statement,0,Midstream Budget Statement,1,Average Monthly Volume Summary,8,Service Revenue Fee Rate ($/MMBtu) **inflation Adj,3,Treating,0,,0,,0,,0,,0,,,FUEL_PERCENT-GAS_STREAM_BTU,ATTRIBUTE2,VW_3_FACT_REPORTING_MAPPING,CORE_MIDSTREAM,,1,false,false,false,false,false,true,false,false,true,false,Midstream Budget Statement,Midstream Budget StatementAverage Monthly Volume SummaryService Revenue Fee Rate ($/MMBtu) **inflation AdjTreating,,,,,,,1,,,1,,,false,telha.ghanchi@datanexum.com,20:45.5
1331,24,Midstream Budget Statement,0,Midstream Budget Statement,1,Average Monthly Volume Summary,8,Service Revenue Fee Rate ($/MMBtu) **inflation Adj,3,Treating,0,,0,,0,,0,,0,,,Net Volume - Gross Volume-GAS_STREAM_BTU,ATTRIBUTE2,VW_3_FACT_REPORTING_MAPPING,CORE_MIDSTREAM,,1,false,false,false,false,false,true,false,false,true,false,Midstream Budget Statement,Midstream Budget StatementAverage Monthly Volume SummaryService Revenue Fee Rate ($/MMBtu) **inflation AdjTreating,,,,,,,1,,,1,,,false,telha.ghanchi@datanexum.com,20:45.5
1234,26,Midstream Budget Statement,0,Midstream Budget Statement,1,Average Monthly Volume Summary,8,Service Revenue Fee Rate ($/MMBtu) **inflation Adj,4,Transportation,0,,0,,0,,0,,0,,,Transportation,ATTRIBUTE,VW_3_FACT_REPORTING_MAPPING,CORE_MIDSTREAM,,1,false,false,false,false,false,true,false,false,true,false,Midstream Budget Statement,Midstream Budget StatementAverage Monthly Volume SummaryService Revenue Fee Rate ($/MMBtu) **inflation AdjTransportation,,,,,,,1,,,1,,,false,telha.ghanchi@datanexum.com,20:45.5
1235,27,Midstream Budget Statement,0,Midstream Budget Statement,1,Average Monthly Volume Summary,8,Service Revenue Fee Rate ($/MMBtu) **inflation Adj,5,Capital Recovery,0,,0,,0,,0,,0,,,Capital Recovery-CapRecovery,ATTRIBUTE,VW_3_FACT_REPORTING_MAPPING,CORE_MIDSTREAM,,1,false,false,false,false,false,true,false,false,true,false,Midstream Budget Statement,Midstream Budget StatementAverage Monthly Volume SummaryService Revenue Fee Rate ($/MMBtu) **inflation AdjTreating,,,,,,,1,,,1,,,false,telha.ghanchi@datanexum.com,20:45.5
1236,28,Midstream Budget Statement,0,Midstream Budget Statement,1,Average Monthly Volume Summary,8,Service Revenue Fee Rate ($/MMBtu) **inflation Adj,6,Miscellaneous,0,,0,,0,,0,,0,,,MISCELLANEOUS_FEE_RATE-SREV,ATTRIBUTE,VW_3_FACT_REPORTING_MAPPING,CORE_MIDSTREAM,,1,false,false,false,false,false,true,false,false,true,false,Midstream Budget Statement,Midstream Budget StatementAverage Monthly Volume SummaryService Revenue Fee Rate ($/MMBtu) **inflation AdjMisc,,,,,,,1,,,1,,,false,telha.ghanchi@datanexum.com,20:45.5
1228,28,Midstream Budget Statement,0,Midstream Budget Statement,1,Average Monthly Volume Summary,8,Service Revenue Fee Rate ($/MMBtu) **inflation Adj,6,Miscellaneous,0,,0,,0,,0,,0,,,Production Shrink & Line Loss-GAS_STREAM_BTU,ATTRIBUTE2,VW_3_FACT_REPORTING_MAPPING,CORE_MIDSTREAM,,1,false,false,false,false,false,true,false,false,true,false,Midstream Budget Statement,Midstream Budget StatementAverage Monthly Volume SummaryService Revenue Fee Rate ($/MMBtu) **inflation AdjMisc,,,,,,,1,,,1,,,false,telha.ghanchi@datanexum.com,20:45.5
1229,28,Midstream Budget Statement,0,Midstream Budget Statement,1,Average Monthly Volume Summary,8,Service Revenue Fee Rate ($/MMBtu) **inflation Adj,6,Miscellaneous,0,,0,,0,,0,,0,,,Plant Downtime (Plant Inlet Vols)-GAS_STREAM_BTU,ATTRIBUTE2,VW_3_FACT_REPORTING_MAPPING,CORE_MIDSTREAM,,1,false,false,false,false,false,true,false,false,true,false,Midstream Budget Statement,Midstream Budget StatementAverage Monthly Volume SummaryService Revenue Fee Rate ($/MMBtu) **inflation AdjMisc,,,,,,,1,,,1,,,false,telha.ghanchi@datanexum.com,20:45.5
1230,28,Midstream Budget Statement,0,Midstream Budget Statement,1,Average Monthly Volume Summary,8,Service Revenue Fee Rate ($/MMBtu) **inflation Adj,6,Miscellaneous,0,,0,,0,,0,,0,,,Voluntary Curtailment-GAS_STREAM_BTU,ATTRIBUTE2,VW_3_FACT_REPORTING_MAPPING,CORE_MIDSTREAM,,1,false,false,false,false,false,true,false,false,true,false,Midstream Budget Statement,Midstream Budget StatementAverage Monthly Volume SummaryService Revenue Fee Rate ($/MMBtu) **inflation AdjMisc,,,,,,,1,,,1,,,false,telha.ghanchi@datanexum.com,20:45.5
1231,28,Midstream Budget Statement,0,Midstream Budget Statement,1,Average Monthly Volume Summary,8,Service Revenue Fee Rate ($/MMBtu) **inflation Adj,6,Miscellaneous,0,,0,,0,,0,,0,,,FUEL_PERCENT-GAS_STREAM_BTU,ATTRIBUTE2,VW_3_FACT_REPORTING_MAPPING,CORE_MIDSTREAM,,1,false,false,false,false,false,true,false,false,true,false,Midstream Budget Statement,Midstream Budget StatementAverage Monthly Volume SummaryService Revenue Fee Rate ($/MMBtu) **inflation AdjMisc,,,,,,,1,,,1,,,false,telha.ghanchi@datanexum.com,20:45.5
1331,28,Midstream Budget Statement,0,Midstream Budget Statement,1,Average Monthly Volume Summary,8,Service Revenue Fee Rate ($/MMBtu) **inflation Adj,6,Miscellaneous,0,,0,,0,,0,,0,,,Net Volume - Gross Volume-GAS_STREAM_BTU,ATTRIBUTE2,VW_3_FACT_REPORTING_MAPPING,CORE_MIDSTREAM,,1,false,false,false,false,false,true,false,false,true,false,Midstream Budget Statement,Midstream Budget StatementAverage Monthly Volume SummaryService Revenue Fee Rate ($/MMBtu) **inflation AdjMisc,,,,,,,1,,,1,,,false,telha.ghanchi@datanexum.com,20:45.5
1242,55,Midstream Budget Statement,0,Midstream Budget Statement,2,Buy/Sell Activity,5,Sales Revenue,0,Gas Sales,1,Gas Sales - EM,0,,0,,0,,0,,,Gas Sales - EM,ATTRIBUTE,VW_3_FACT_REPORTING_MAPPING,CORE_MIDSTREAM,,1,false,false,false,false,false,true,false,false,true,false,Midstream Budget Statement,Midstream Budget StatementBuy/Sell ActivitySales RevenueGas SalesGas Sales - EM,,,,,,,1,,,1,,,false,telha.ghanchi@datanexum.com,20:45.5
1243,53,Midstream Budget Statement,0,Midstream Budget Statement,2,Buy/Sell Activity,5,Sales Revenue,0,Gas Sales,1,Gas Sales - RS,0,,0,,0,,0,,,Gas Sales - RS,ATTRIBUTE,VW_3_FACT_REPORTING_MAPPING,CORE_MIDSTREAM,,1,false,false,false,false,false,true,false,false,true,false,Midstream Budget Statement,Midstream Budget StatementBuy/Sell ActivitySales RevenueGas SalesGas Sales - RS,,,,,,,1,,,1,,,false,telha.ghanchi@datanexum.com,20:45.5
1245,59,Midstream Budget Statement,0,Midstream Budget Statement,2,Buy/Sell Activity,5,Sales Revenue,1,Imbalance,1,Imbalance - PL Cashout Sales,0,,0,,0,,0,,,PL Cashout Sales,ATTRIBUTE,VW_3_FACT_REPORTING_MAPPING,CORE_MIDSTREAM,,1,false,false,false,false,false,true,false,false,true,false,Midstream Budget Statement,Midstream Budget StatementBuy/Sell ActivitySales RevenueImbalanceImbalance - PL Cashout Purchases,,,,,,,1,,,1,,,false,telha.ghanchi@datanexum.com,20:45.5
1246,58,Midstream Budget Statement,0,Midstream Budget Statement,2,Buy/Sell Activity,5,Sales Revenue,1,Imbalance,2,Imbalance - Shipper Cashout Sales,0,,0,,0,,0,,,Production Shrink & Line Loss-System Fuel-REV,ATTRIBUTE,VW_3_FACT_REPORTING_MAPPING,CORE_MIDSTREAM,,1,false,false,false,false,false,true,false,false,true,false,Midstream Budget Statement,Midstream Budget StatementBuy/Sell ActivitySales RevenueImbalanceImbalance - Shipper Cashout Purchases,,,,,,,1,,,1,,,false,telha.ghanchi@datanexum.com,20:45.5
1247,58,Midstream Budget Statement,0,Midstream Budget Statement,2,Buy/Sell Activity,5,Sales Revenue,1,Imbalance,2,Imbalance - Shipper Cashout Sales,0,,0,,0,,0,,,Plant Downtime (Plant Inlet Vols)-System Fuel-REV,ATTRIBUTE,VW_3_FACT_REPORTING_MAPPING,CORE_MIDSTREAM,,1,false,false,false,false,false,true,false,false,true,false,Midstream Budget Statement,Midstream Budget StatementBuy/Sell ActivitySales RevenueImbalanceImbalance - Shipper Cashout Purchases,,,,,,,1,,,1,,,false,telha.ghanchi@datanexum.com,20:45.5
1248,58,Midstream Budget Statement,0,Midstream Budget Statement,2,Buy/Sell Activity,5,Sales Revenue,1,Imbalance,2,Imbalance - Shipper Cashout Sales,0,,0,,0,,0,,,Voluntary Curtailment-System Fuel-REV,ATTRIBUTE,VW_3_FACT_REPORTING_MAPPING,CORE_MIDSTREAM,,1,false,false,false,false,false,true,false,false,true,false,Midstream Budget Statement,Midstream Budget StatementBuy/Sell ActivitySales RevenueImbalanceImbalance - Shipper Cashout Purchases,,,,,,,1,,,1,,,false,telha.ghanchi@datanexum.com,20:45.5
1249,58,Midstream Budget Statement,0,Midstream Budget Statement,2,Buy/Sell Activity,5,Sales Revenue,1,Imbalance,2,Imbalance - Shipper Cashout Sales,0,,0,,0,,0,,,Net Volume - Gross Volume-System Fuel-REV,ATTRIBUTE,VW_3_FACT_REPORTING_MAPPING,CORE_MIDSTREAM,,1,false,false,false,false,false,true,false,false,true,false,Midstream Budget Statement,Midstream Budget StatementBuy/Sell ActivitySales RevenueImbalanceImbalance - Shipper Cashout Purchases,,,,,,,1,,,1,,,false,telha.ghanchi@datanexum.com,20:45.5
1250,49,Midstream Budget Statement,0,Midstream Budget Statement,2,Buy/Sell Activity,5,Sales Revenue,2,NGL Sales,0,,0,,0,,0,,0,,,NGL Sales,ATTRIBUTE,VW_3_FACT_REPORTING_MAPPING,CORE_MIDSTREAM,,1,false,false,false,false,false,true,false,false,true,false,Midstream Budget Statement,Midstream Budget StatementBuy/Sell ActivitySales RevenueTransportation Expense,,,,,,,1,,,1,,,false,telha.ghanchi@datanexum.com,20:45.5
1251,57,Midstream Budget Statement,0,Midstream Budget Statement,2,Buy/Sell Activity,5,Sales Revenue,3,Condensate Sales,0,,0,,0,,0,,0,,,Condensate Bbls/d-REV_ASSUMPTIONS,ATTRIBUTE,VW_3_FACT_REPORTING_MAPPING,CORE_MIDSTREAM,,1,false,false,false,false,false,true,false,false,true,false,Midstream Budget Statement,Midstream Budget StatementBuy/Sell ActivitySales RevenueTransportation Expense,,,,,,,1,,,1,,,false,telha.ghanchi@datanexum.com,20:45.5
1253,63,Midstream Budget Statement,0,Midstream Budget Statement,2,Buy/Sell Activity,7,Cost of Purchased Gas,1,Imbalance,1,Imbalance - PL Cashout Purchases,0,,0,,0,,0,,,PL Cashout Purchases,ATTRIBUTE,VW_3_FACT_REPORTING_MAPPING,CORE_MIDSTREAM,,1,false,false,false,false,false,true,false,false,true,false,Midstream Budget Statement,Midstream Budget StatementBuy/Sell ActivityCost of Purchased GasImbalance,,,,,,,1,,,1,,,false,telha.ghanchi@datanexum.com,20:45.5
1254,1163,Midstream Budget Statement,0,Midstream Budget Statement,2,Buy/Sell Activity,7,Cost of Purchased Gas,1,Imbalance,2,Imbalance - Shipper Cashout Purchases,0,,0,,0,,0,,,Production Shrink & Line Loss-COPG,ATTRIBUTE,VW_3_FACT_REPORTING_MAPPING,CORE_MIDSTREAM,,1,false,false,false,false,false,true,false,false,true,false,Midstream Budget Statement,Midstream Budget StatementBuy/Sell ActivityCost of Purchased GasImbalance,,,,,,,1,,,1,,,false,telha.ghanchi@datanexum.com,20:45.5
1255,1163,Midstream Budget Statement,0,Midstream Budget Statement,2,Buy/Sell Activity,7,Cost of Purchased Gas,1,Imbalance,2,Imbalance - Shipper Cashout Purchases,0,,0,,0,,0,,,Plant Downtime (Plant Inlet Vols)-COPG,ATTRIBUTE,VW_3_FACT_REPORTING_MAPPING,CORE_MIDSTREAM,,1,false,false,false,false,false,true,false,false,true,false,Midstream Budget Statement,Midstream Budget StatementBuy/Sell ActivityCost of Purchased GasImbalance,,,,,,,1,,,1,,,false,telha.ghanchi@datanexum.com,20:45.5
1256,1263,Midstream Budget Statement,0,Midstream Budget Statement,2,Buy/Sell Activity,7,Cost of Purchased Gas,1,Imbalance,2,Imbalance - Shipper Cashout Purchases,0,,0,,0,,0,,,3rd Party Fuel,ATTRIBUTE,VW_3_FACT_REPORTING_MAPPING,CORE_MIDSTREAM,,1,false,false,false,false,false,true,false,false,true,false,Midstream Budget Statement,Midstream Budget StatementBuy/Sell ActivityCost of Purchased GasImbalance,,,,,,,1,,,1,,,false,telha.ghanchi@datanexum.com,20:45.5
1261,37,Midstream Budget Statement,0,Midstream Budget Statement,4,EBITDA,0,Service Revenue **inflation Adjusted,1,Gathering,0,,0,,0,,0,,0,,,GATHERING_FEE_RATE-SREV,ATTRIBUTE,VW_3_FACT_REPORTING_MAPPING,CORE_MIDSTREAM,,1,false,false,false,false,false,true,false,false,true,false,Midstream Budget Statement,Midstream Budget StatementEBITDAService Revenue **inflation Adjusted Gathering,,,,,,,1,,,1,,,false,telha.ghanchi@datanexum.com,20:45.5
1262,37,Midstream Budget Statement,0,Midstream Budget Statement,4,EBITDA,0,Service Revenue **inflation Adjusted,1,Gathering,0,,0,,0,,0,,0,,,Production Shrink & Line Loss-GAS_STREAM_BTU,ATTRIBUTE2,VW_3_FACT_REPORTING_MAPPING,CORE_MIDSTREAM,,1,false,false,false,false,false,true,false,false,true,false,Midstream Budget Statement,Midstream Budget StatementEBITDAService Revenue **inflation Adjusted Gathering,,,,,,,1,,,1,,,false,telha.ghanchi@datanexum.com,20:45.5
1263,37,Midstream Budget Statement,0,Midstream Budget Statement,4,EBITDA,0,Service Revenue **inflation Adjusted,1,Gathering,0,,0,,0,,0,,0,,,Plant Downtime (Plant Inlet Vols)-GAS_STREAM_BTU,ATTRIBUTE2,VW_3_FACT_REPORTING_MAPPING,CORE_MIDSTREAM,,1,false,false,false,false,false,true,false,false,true,false,Midstream Budget Statement,Midstream Budget StatementEBITDAService Revenue **inflation Adjusted Gathering,,,,,,,1,,,1,,,false,telha.ghanchi@datanexum.com,20:45.5
1263,37,Midstream Budget Statement,0,Midstream Budget Statement,4,EBITDA,0,Service Revenue **inflation Adjusted,1,Gathering,0,,0,,0,,0,,0,,,Voluntary Curtailment-GAS_STREAM_BTU,ATTRIBUTE2,VW_3_FACT_REPORTING_MAPPING,CORE_MIDSTREAM,,1,false,false,false,false,false,true,false,false,true,false,Midstream Budget Statement,Midstream Budget StatementEBITDAService Revenue **inflation Adjusted Gathering,,,,,,,1,,,1,,,false,telha.ghanchi@datanexum.com,20:45.5
1264,37,Midstream Budget Statement,0,Midstream Budget Statement,4,EBITDA,0,Service Revenue **inflation Adjusted,1,Gathering,0,,0,,0,,0,,0,,,FUEL_PERCENT-GAS_STREAM_BTU,ATTRIBUTE2,VW_3_FACT_REPORTING_MAPPING,CORE_MIDSTREAM,,1,false,false,false,false,false,true,false,false,true,false,Midstream Budget Statement,Midstream Budget StatementEBITDAService Revenue **inflation Adjusted Gathering,,,,,,,1,,,1,,,false,telha.ghanchi@datanexum.com,20:45.5
1264,37,Midstream Budget Statement,0,Midstream Budget Statement,4,EBITDA,0,Service Revenue **inflation Adjusted,1,Gathering,0,,0,,0,,0,,0,,,Net Volume - Gross Volume-GAS_STREAM_BTU,ATTRIBUTE2,VW_3_FACT_REPORTING_MAPPING,CORE_MIDSTREAM,,1,false,false,false,false,false,true,false,false,true,false,Midstream Budget Statement,Midstream Budget StatementEBITDAService Revenue **inflation Adjusted Gathering,,,,,,,1,,,1,,,false,telha.ghanchi@datanexum.com,20:45.5
1266,72,Midstream Budget Statement,0,Midstream Budget Statement,4,EBITDA,0,Service Revenue **inflation Adjusted,1,Compression,0,,0,,0,,0,,0,,,COMPRESSION_FEE_RATE-SREV,ATTRIBUTE,VW_3_FACT_REPORTING_MAPPING,CORE_MIDSTREAM,,1,false,false,false,false,false,true,false,false,true,false,Midstream Budget Statement,Midstream Budget StatementEBITDAService Revenue **inflation Adjusted Compression,,,,,,,1,,,1,,,false,telha.ghanchi@datanexum.com,20:45.5
1267,72,Midstream Budget Statement,0,Midstream Budget Statement,4,EBITDA,0,Service Revenue **inflation Adjusted,1,Compression,0,,0,,0,,0,,0,,,Production Shrink & Line Loss-GAS_STREAM_BTU,ATTRIBUTE2,VW_3_FACT_REPORTING_MAPPING,CORE_MIDSTREAM,,1,false,false,false,false,false,true,false,false,true,false,Midstream Budget Statement,Midstream Budget StatementEBITDAService Revenue **inflation Adjusted Compression,,,,,,,1,,,1,,,false,telha.ghanchi@datanexum.com,20:45.5
1267,72,Midstream Budget Statement,0,Midstream Budget Statement,4,EBITDA,0,Service Revenue **inflation Adjusted,1,Compression,0,,0,,0,,0,,0,,,FUEL_PERCENT-GAS_STREAM_BTU,ATTRIBUTE2,VW_3_FACT_REPORTING_MAPPING,CORE_MIDSTREAM,,1,false,false,false,false,false,true,false,false,true,false,Midstream Budget Statement,Midstream Budget StatementEBITDAService Revenue **inflation Adjusted Compression,,,,,,,1,,,1,,,false,telha.ghanchi@datanexum.com,20:45.5
1268,72,Midstream Budget Statement,0,Midstream Budget Statement,4,EBITDA,0,Service Revenue **inflation Adjusted,1,Compression,0,,0,,0,,0,,0,,,Plant Downtime (Plant Inlet Vols)-GAS_STREAM_BTU,ATTRIBUTE2,VW_3_FACT_REPORTING_MAPPING,CORE_MIDSTREAM,,1,false,false,false,false,false,true,false,false,true,false,Midstream Budget Statement,Midstream Budget StatementEBITDAService Revenue **inflation Adjusted Compression,,,,,,,1,,,1,,,false,telha.ghanchi@datanexum.com,20:45.5
1269,72,Midstream Budget Statement,0,Midstream Budget Statement,4,EBITDA,0,Service Revenue **inflation Adjusted,1,Compression,0,,0,,0,,0,,0,,,Voluntary Curtailment-GAS_STREAM_BTU,ATTRIBUTE2,VW_3_FACT_REPORTING_MAPPING,CORE_MIDSTREAM,,1,false,false,false,false,false,true,false,false,true,false,Midstream Budget Statement,Midstream Budget StatementEBITDAService Revenue **inflation Adjusted Compression,,,,,,,1,,,1,,,false,telha.ghanchi@datanexum.com,20:45.5
1269,72,Midstream Budget Statement,0,Midstream Budget Statement,4,EBITDA,0,Service Revenue **inflation Adjusted,1,Compression,0,,0,,0,,0,,0,,,Net Volume - Gross Volume-GAS_STREAM_BTU,ATTRIBUTE2,VW_3_FACT_REPORTING_MAPPING,CORE_MIDSTREAM,,1,false,false,false,false,false,true,false,false,true,false,Midstream Budget Statement,Midstream Budget StatementEBITDAService Revenue **inflation Adjusted Compression,,,,,,,1,,,1,,,false,telha.ghanchi@datanexum.com,20:45.5
1271,74,Midstream Budget Statement,0,Midstream Budget Statement,4,EBITDA,0,Service Revenue **inflation Adjusted,2,Conditioning,0,,0,,0,,0,,0,,,CONDITION_FEE_RATE-SREV,ATTRIBUTE,VW_3_FACT_REPORTING_MAPPING,CORE_MIDSTREAM,,1,false,false,false,false,false,true,false,false,true,false,Midstream Budget Statement,Midstream Budget StatementEBITDAService Revenue **inflation AdjustedConditioning,,,,,,,1,,,1,,,false,telha.ghanchi@datanexum.com,20:45.5
1272,74,Midstream Budget Statement,0,Midstream Budget Statement,4,EBITDA,0,Service Revenue **inflation Adjusted,2,Conditioning,0,,0,,0,,0,,0,,,Production Shrink & Line Loss-GAS_STREAM_BTU,ATTRIBUTE2,VW_3_FACT_REPORTING_MAPPING,CORE_MIDSTREAM,,1,false,false,false,false,false,true,false,false,true,false,Midstream Budget Statement,Midstream Budget StatementEBITDAService Revenue **inflation AdjustedConditioning,,,,,,,1,,,1,,,false,telha.ghanchi@datanexum.com,20:45.5
1271,74,Midstream Budget Statement,0,Midstream Budget Statement,4,EBITDA,0,Service Revenue **inflation Adjusted,2,Conditioning,0,,0,,0,,0,,0,,,Plant Downtime (Plant Inlet Vols)-GAS_STREAM_BTU,ATTRIBUTE2,VW_3_FACT_REPORTING_MAPPING,CORE_MIDSTREAM,,1,false,false,false,false,false,true,false,false,true,false,Midstream Budget Statement,Midstream Budget StatementEBITDAService Revenue **inflation AdjustedConditioning,,,,,,,1,,,1,,,false,telha.ghanchi@datanexum.com,20:45.5
1272,74,Midstream Budget Statement,0,Midstream Budget Statement,4,EBITDA,0,Service Revenue **inflation Adjusted,2,Conditioning,0,,0,,0,,0,,0,,,Voluntary Curtailment-GAS_STREAM_BTU,ATTRIBUTE2,VW_3_FACT_REPORTING_MAPPING,CORE_MIDSTREAM,,1,false,false,false,false,false,true,false,false,true,false,Midstream Budget Statement,Midstream Budget StatementEBITDAService Revenue **inflation AdjustedConditioning,,,,,,,1,,,1,,,false,telha.ghanchi@datanexum.com,20:45.5
1267,74,Midstream Budget Statement,0,Midstream Budget Statement,4,EBITDA,0,Service Revenue **inflation Adjusted,2,Conditioning,0,,0,,0,,0,,0,,,FUEL_PERCENT-GAS_STREAM_BTU,ATTRIBUTE2,VW_3_FACT_REPORTING_MAPPING,CORE_MIDSTREAM,,1,false,false,false,false,false,true,false,false,true,false,Midstream Budget Statement,Midstream Budget StatementEBITDAService Revenue **inflation AdjustedConditioning,,,,,,,1,,,1,,,false,telha.ghanchi@datanexum.com,20:45.5
101267,74,Midstream Budget Statement,0,Midstream Budget Statement,4,EBITDA,0,Service Revenue **inflation Adjusted,2,Conditioning,0,,0,,0,,0,,0,,,Net Volume - Gross Volume-GAS_STREAM_BTU,ATTRIBUTE2,VW_3_FACT_REPORTING_MAPPING,CORE_MIDSTREAM,,1,false,false,false,false,false,true,false,false,true,false,Midstream Budget Statement,Midstream Budget StatementEBITDAService Revenue **inflation AdjustedConditioning,,,,,,,1,,,1,,,false,telha.ghanchi@datanexum.com,20:45.5
1276,73,Midstream Budget Statement,0,Midstream Budget Statement,4,EBITDA,0,Service Revenue **inflation Adjusted,3,Treating,0,,0,,0,,0,,0,,,TREATING_FEE_RATE-SREV,ATTRIBUTE,VW_3_FACT_REPORTING_MAPPING,CORE_MIDSTREAM,,1,false,false,false,false,false,true,false,false,true,false,Midstream Budget Statement,Midstream Budget StatementEBITDAService Revenue **inflation AdjustedTreating,,,,,,,1,,,1,,,false,telha.ghanchi@datanexum.com,20:45.5
1277,73,Midstream Budget Statement,0,Midstream Budget Statement,4,EBITDA,0,Service Revenue **inflation Adjusted,3,Treating,0,,0,,0,,0,,0,,,Production Shrink & Line Loss-GAS_STREAM_BTU,ATTRIBUTE2,VW_3_FACT_REPORTING_MAPPING,CORE_MIDSTREAM,,1,false,false,false,false,false,true,false,false,true,false,Midstream Budget Statement,Midstream Budget StatementEBITDAService Revenue **inflation AdjustedTreating,,,,,,,1,,,1,,,false,telha.ghanchi@datanexum.com,20:45.5
1278,73,Midstream Budget Statement,0,Midstream Budget Statement,4,EBITDA,0,Service Revenue **inflation Adjusted,3,Treating,0,,0,,0,,0,,0,,,Plant Downtime (Plant Inlet Vols)-GAS_STREAM_BTU,ATTRIBUTE2,VW_3_FACT_REPORTING_MAPPING,CORE_MIDSTREAM,,1,false,false,false,false,false,true,false,false,true,false,Midstream Budget Statement,Midstream Budget StatementEBITDAService Revenue **inflation AdjustedTreating,,,,,,,1,,,1,,,false,telha.ghanchi@datanexum.com,20:45.5
1277,73,Midstream Budget Statement,0,Midstream Budget Statement,4,EBITDA,0,Service Revenue **inflation Adjusted,3,Treating,0,,0,,0,,0,,0,,,Voluntary Curtailment-GAS_STREAM_BTU,ATTRIBUTE2,VW_3_FACT_REPORTING_MAPPING,CORE_MIDSTREAM,,1,false,false,false,false,false,true,false,false,true,false,Midstream Budget Statement,Midstream Budget StatementEBITDAService Revenue **inflation AdjustedTreating,,,,,,,1,,,1,,,false,telha.ghanchi@datanexum.com,20:45.5
1277,73,Midstream Budget Statement,0,Midstream Budget Statement,4,EBITDA,0,Service Revenue **inflation Adjusted,3,Treating,0,,0,,0,,0,,0,,,FUEL_PERCENT-GAS_STREAM_BTU,ATTRIBUTE2,VW_3_FACT_REPORTING_MAPPING,CORE_MIDSTREAM,,1,false,false,false,false,false,true,false,false,true,false,Midstream Budget Statement,Midstream Budget StatementEBITDAService Revenue **inflation AdjustedTreating,,,,,,,1,,,1,,,false,telha.ghanchi@datanexum.com,20:45.5
1279,73,Midstream Budget Statement,0,Midstream Budget Statement,4,EBITDA,0,Service Revenue **inflation Adjusted,3,Treating,0,,0,,0,,0,,0,,,Net Volume - Gross Volume-GAS_STREAM_BTU,ATTRIBUTE2,VW_3_FACT_REPORTING_MAPPING,CORE_MIDSTREAM,,1,false,false,false,false,false,true,false,false,true,false,Midstream Budget Statement,Midstream Budget StatementEBITDAService Revenue **inflation AdjustedTreating,,,,,,,1,,,1,,,false,telha.ghanchi@datanexum.com,20:45.5
1280,75,Midstream Budget Statement,0,Midstream Budget Statement,4,EBITDA,0,Service Revenue **inflation Adjusted,4,Transportation,0,,0,,0,,0,,0,,,Transportation,ATTRIBUTE,VW_3_FACT_REPORTING_MAPPING,CORE_MIDSTREAM,,1,false,false,false,false,false,true,false,false,true,false,Midstream Budget Statement,Midstream Budget StatementEBITDAService Revenue **inflation AdjustedTransportation,,,,,,,1,,,1,,,false,telha.ghanchi@datanexum.com,20:45.5
1281,76,Midstream Budget Statement,0,Midstream Budget Statement,4,EBITDA,0,Service Revenue **inflation Adjusted,5,Capital Recovery,0,,0,,0,,0,,0,,,Capital Recovery-CapRecovery,ATTRIBUTE,VW_3_FACT_REPORTING_MAPPING,CORE_MIDSTREAM,,1,false,false,false,false,false,true,false,false,true,false,Midstream Budget Statement,Midstream Budget StatementEBITDAService Revenue **inflation AdjustedCapital Recovery,,,,,,,1,,,1,,,false,telha.ghanchi@datanexum.com,20:45.5
1283,77,Midstream Budget Statement,0,Midstream Budget Statement,4,EBITDA,0,Service Revenue **inflation Adjusted,6,Miscellaneous,0,,0,,0,,0,,0,,,MISCELLANEOUS_FEE_RATE-SREV,ATTRIBUTE,VW_3_FACT_REPORTING_MAPPING,CORE_MIDSTREAM,,1,false,false,false,false,false,true,false,false,true,false,Midstream Budget Statement,Midstream Budget StatementEBITDAService Revenue **inflation AdjustedMiscellaneous,,,,,,,1,,,1,,,false,telha.ghanchi@datanexum.com,20:45.5
1284,77,Midstream Budget Statement,0,Midstream Budget Statement,4,EBITDA,0,Service Revenue **inflation Adjusted,6,Miscellaneous,0,,0,,0,,0,,0,,,Production Shrink & Line Loss-GAS_STREAM_BTU,ATTRIBUTE2,VW_3_FACT_REPORTING_MAPPING,CORE_MIDSTREAM,,1,false,false,false,false,false,true,false,false,true,false,Midstream Budget Statement,Midstream Budget StatementEBITDAService Revenue **inflation AdjustedMiscellaneous,,,,,,,1,,,1,,,false,telha.ghanchi@datanexum.com,20:45.5
1285,77,Midstream Budget Statement,0,Midstream Budget Statement,4,EBITDA,0,Service Revenue **inflation Adjusted,6,Miscellaneous,0,,0,,0,,0,,0,,,Plant Downtime (Plant Inlet Vols)-GAS_STREAM_BTU,ATTRIBUTE2,VW_3_FACT_REPORTING_MAPPING,CORE_MIDSTREAM,,1,false,false,false,false,false,true,false,false,true,false,Midstream Budget Statement,Midstream Budget StatementEBITDAService Revenue **inflation AdjustedMiscellaneous,,,,,,,1,,,1,,,false,telha.ghanchi@datanexum.com,20:45.5
1286,77,Midstream Budget Statement,0,Midstream Budget Statement,4,EBITDA,0,Service Revenue **inflation Adjusted,6,Miscellaneous,0,,0,,0,,0,,0,,,Voluntary Curtailment-GAS_STREAM_BTU,ATTRIBUTE2,VW_3_FACT_REPORTING_MAPPING,CORE_MIDSTREAM,,1,false,false,false,false,false,true,false,false,true,false,Midstream Budget Statement,Midstream Budget StatementEBITDAService Revenue **inflation AdjustedMiscellaneous,,,,,,,1,,,1,,,false,telha.ghanchi@datanexum.com,20:45.5
1286,77,Midstream Budget Statement,0,Midstream Budget Statement,4,EBITDA,0,Service Revenue **inflation Adjusted,6,Miscellaneous,0,,0,,0,,0,,0,,,FUEL_PERCENT-GAS_STREAM_BTU,ATTRIBUTE2,VW_3_FACT_REPORTING_MAPPING,CORE_MIDSTREAM,,1,false,false,false,false,false,true,false,false,true,false,Midstream Budget Statement,Midstream Budget StatementEBITDAService Revenue **inflation AdjustedMiscellaneous,,,,,,,1,,,1,,,false,telha.ghanchi@datanexum.com,20:45.5
1286,77,Midstream Budget Statement,0,Midstream Budget Statement,4,EBITDA,0,Service Revenue **inflation Adjusted,6,Miscellaneous,0,,0,,0,,0,,0,,,Net Volume - Gross Volume-GAS_STREAM_BTU,ATTRIBUTE2,VW_3_FACT_REPORTING_MAPPING,CORE_MIDSTREAM,,1,false,false,false,false,false,true,false,false,true,false,Midstream Budget Statement,Midstream Budget StatementEBITDAService Revenue **inflation AdjustedMiscellaneous,,,,,,,1,,,1,,,false,telha.ghanchi@datanexum.com,20:45.5
1287,78,Midstream Budget Statement,0,Midstream Budget Statement,4,EBITDA,1,Opex **inflation Adjusted,1,Compression,0,,0,,0,,0,,0,,,Compression,ATTRIBUTE,VW_3_FACT_REPORTING_MAPPING,CORE_MIDSTREAM,,1,false,false,false,false,false,true,false,false,true,false,Midstream Budget Statement,Midstream Budget StatementEBITDAOpex **inflation AdjustedCompression,,,,,,,1,,,1,,,false,telha.ghanchi@datanexum.com,20:45.5
1288,79,Midstream Budget Statement,0,Midstream Budget Statement,4,EBITDA,1,Opex **inflation Adjusted,2,Environmental,0,,0,,0,,0,,0,,,Environmental,ATTRIBUTE,VW_3_FACT_REPORTING_MAPPING,CORE_MIDSTREAM,,1,false,false,false,false,false,true,false,false,true,false,Midstream Budget Statement,Midstream Budget StatementEBITDAOpex **inflation AdjustedEnvironmental,,,,,,,1,,,1,,,false,telha.ghanchi@datanexum.com,20:45.5
1289,80,Midstream Budget Statement,0,Midstream Budget Statement,4,EBITDA,1,Opex **inflation Adjusted,3,Equipment,0,,0,,0,,0,,0,,,Equipment,ATTRIBUTE,VW_3_FACT_REPORTING_MAPPING,CORE_MIDSTREAM,,1,false,false,false,false,false,true,false,false,true,false,Midstream Budget Statement,Midstream Budget StatementEBITDAOpex **inflation AdjustedEquipment,,,,,,,1,,,1,,,false,telha.ghanchi@datanexum.com,20:45.5
1290,81,Midstream Budget Statement,0,Midstream Budget Statement,4,EBITDA,1,Opex **inflation Adjusted,4,Labor,0,,0,,0,,0,,0,,,Labor,ATTRIBUTE,VW_3_FACT_REPORTING_MAPPING,CORE_MIDSTREAM,,1,false,false,false,false,false,true,false,false,true,false,Midstream Budget Statement,Midstream Budget StatementEBITDAOpex **inflation AdjustedLabor,,,,,,,1,,,1,,,false,telha.ghanchi@datanexum.com,20:45.5
1291,82,Midstream Budget Statement,0,Midstream Budget Statement,4,EBITDA,1,Opex **inflation Adjusted,5,Repair,0,,0,,0,,0,,0,,,Repair,ATTRIBUTE,VW_3_FACT_REPORTING_MAPPING,CORE_MIDSTREAM,,1,false,false,false,false,false,true,false,false,true,false,Midstream Budget Statement,Midstream Budget StatementEBITDAOpex **inflation AdjustedRepair,,,,,,,1,,,1,,,false,telha.ghanchi@datanexum.com,20:45.5
1292,83,Midstream Budget Statement,0,Midstream Budget Statement,4,EBITDA,1,Opex **inflation Adjusted,6,Taxes,0,,0,,0,,0,,0,,,Taxes,ATTRIBUTE,VW_3_FACT_REPORTING_MAPPING,CORE_MIDSTREAM,,1,false,false,false,false,false,true,false,false,true,false,Midstream Budget Statement,Midstream Budget StatementEBITDAOpex **inflation AdjustedTaxes,,,,,,,1,,,1,,,false,telha.ghanchi@datanexum.com,20:45.5
1293,84,Midstream Budget Statement,0,Midstream Budget Statement,4,EBITDA,1,Opex **inflation Adjusted,7,Misc,0,,0,,0,,0,,0,,,Misc,ATTRIBUTE,VW_3_FACT_REPORTING_MAPPING,CORE_MIDSTREAM,,1,false,false,false,false,false,true,false,false,true,false,Midstream Budget Statement,Midstream Budget StatementEBITDAOpex **inflation AdjustedMisc,,,,,,,1,,,1,,,false,telha.ghanchi@datanexum.com,20:45.5
1294,86,Midstream Budget Statement,0,Midstream Budget Statement,4,EBITDA,1,Opex **inflation Adjusted,8,MOX,0,,0,,0,,0,,0,,,MOX,ATTRIBUTE,VW_3_FACT_REPORTING_MAPPING,CORE_MIDSTREAM,,1,false,false,false,false,false,true,false,false,true,false,Midstream Budget Statement,Midstream Budget StatementEBITDAOpex **inflation AdjustedMOX,,,,,,,1,,,1,,,false,telha.ghanchi@datanexum.com,20:45.5
1295,46,Midstream Budget Statement,0,Midstream Budget Statement,4,EBITDA,2,3rd Party Fees **inflation Adjusted,1,Spill Over,0,,0,,0,,0,,0,,,THIRD_PARTY_FEE-Plant Downtime (3P Spillover)-Spill-GrossVol,ATTRIBUTE,VW_3_FACT_REPORTING_MAPPING,CORE_MIDSTREAM,,1,false,false,false,false,false,true,false,false,true,false,Midstream Budget Statement,Midstream Budget StatementEBITDA3rd Party Fees **inflation AdjustedSleeve Deal,,,,,,,1,,,1,,,false,telha.ghanchi@datanexum.com,20:45.5
1296,87,Midstream Budget Statement,0,Midstream Budget Statement,4,EBITDA,2,3rd Party Fees **inflation Adjusted,1,Sleeve Deal,0,,0,,0,,0,,0,,,THIRD_PARTY_FEE-Plant Downtime (Plant Inlet Vols)-Sleeve-GrossVol,ATTRIBUTE,VW_3_FACT_REPORTING_MAPPING,CORE_MIDSTREAM,,1,false,false,false,false,false,false,false,false,true,false,Midstream Budget Statement,Midstream Budget StatementEBITDA3rd Party Fees **inflation AdjustedSleeve Deal,,,,,,,1,,,1,,,false,telha.ghanchi@datanexum.com,20:45.5
1297,87,Midstream Budget Statement,0,Midstream Budget Statement,4,EBITDA,2,3rd Party Fees **inflation Adjusted,1,Sleeve Deal,0,,0,,0,,0,,0,,,THIRD_PARTY_FEE-Production Shrink & Line Loss-Sleeve-GrossVol,ATTRIBUTE,VW_3_FACT_REPORTING_MAPPING,CORE_MIDSTREAM,,1,false,false,false,false,false,false,false,false,true,false,Midstream Budget Statement,Midstream Budget StatementEBITDA3rd Party Fees **inflation AdjustedSleeve Deal,,,,,,,1,,,1,,,false,telha.ghanchi@datanexum.com,20:45.5
1298,87,Midstream Budget Statement,0,Midstream Budget Statement,4,EBITDA,2,3rd Party Fees **inflation Adjusted,1,Sleeve Deal,0,,0,,0,,0,,0,,,THIRD_PARTY_FEE-Voluntary Curtailment-Sleeve-GrossVol,ATTRIBUTE,VW_3_FACT_REPORTING_MAPPING,CORE_MIDSTREAM,,1,false,false,false,false,false,false,false,false,true,false,Midstream Budget Statement,Midstream Budget StatementEBITDA3rd Party Fees **inflation AdjustedSleeve Deal,,,,,,,1,,,1,,,false,telha.ghanchi@datanexum.com,20:45.5
1299,87,Midstream Budget Statement,0,Midstream Budget Statement,4,EBITDA,2,3rd Party Fees **inflation Adjusted,1,Sleeve Deal,0,,0,,0,,0,,0,,,THIRD_PARTY_FEE-Net Volume - Gross Volume-Sleeve-GrossVol,ATTRIBUTE,VW_3_FACT_REPORTING_MAPPING,CORE_MIDSTREAM,,1,false,false,false,false,false,true,false,false,true,false,Midstream Budget Statement,Midstream Budget StatementEBITDA3rd Party Fees **inflation AdjustedSleeve Deal,,,,,,,1,,,1,,,false,telha.ghanchi@datanexum.com,20:45.5
1300,88,Midstream Budget Statement,0,Midstream Budget Statement,4,EBITDA,2,3rd Party Fees **inflation Adjusted,2,Plant Capacity Overflow,0,,0,,0,,0,,0,,,THIRD_PARTY_FEE-Plant Capacity-overflow-GrossVol,ATTRIBUTE,VW_3_FACT_REPORTING_MAPPING,CORE_MIDSTREAM,,1,false,false,false,false,false,true,false,false,true,false,Midstream Budget Statement,Midstream Budget StatementEBITDA3rd Party Fees **inflation AdjustedTBD,,,,,,,1,,,1,,,false,telha.ghanchi@datanexum.com,20:45.5
1308,40,Midstream Budget Statement,0,Midstream Budget Statement,5,Capex,1,LRP Well Connect Capex,0,,0,,0,,0,,0,,0,,,WELL CONNECT,ATTRIBUTE,VW_3_FACT_REPORTING_MAPPING,CORE_MIDSTREAM,,1,false,false,false,false,false,true,false,false,true,false,Midstream Budget Statement,Midstream Budget StatementCapexLRP Well Connect Capex,,,,,,,1,,,1,,,false,telha.ghanchi@datanexum.com,20:45.5
1309,41,Midstream Budget Statement,0,Midstream Budget Statement,5,Capex,2,Asset Purchase,0,,0,,0,,0,,0,,0,,,ASSUMPTIONS,ATTRIBUTE,VW_3_FACT_REPORTING_MAPPING,CORE_MIDSTREAM,,1,false,false,false,false,false,true,false,false,true,false,Midstream Budget Statement,Midstream Budget StatementCapexAsset Purchase,,,,,,,1,,,1,,,false,telha.ghanchi@datanexum.com,20:45.5
1240,32,Midstream Budget Statement,0,Midstream Budget Statement,2,Buy/Sell Activity,2,Cost of NGLs,0,,0,,0,,0,,0,,0,,,,,,,,1,false,false,false,false,false,false,false,false,true,false,Midstream Budget Statement,Midstream Budget StatementBuy/Sell ActivityCost of NGLs,,,,,,,1,,,1,,,false,telha.ghanchi@datanexum.com,20:45.5
1241,33,Midstream Budget Statement,0,Midstream Budget Statement,2,Buy/Sell Activity,3,Transportation Expense,0,,0,,0,,0,,0,,0,,,,,,,,1,false,false,false,false,false,false,false,false,true,false,Midstream Budget Statement,Midstream Budget StatementBuy/Sell ActivityTransportation Expense,,,,,,,1,,,1,,,false,telha.ghanchi@datanexum.com,20:45.5
1244,56,Midstream Budget Statement,0,Midstream Budget Statement,2,Buy/Sell Activity,5,Sales Revenue,1,Imbalance,0,,0,,0,,0,,0,,,,,,,,1,false,false,false,false,false,false,false,false,true,false,Midstream Budget Statement,Midstream Budget StatementBuy/Sell ActivitySales RevenueImbalance,,,,,,,1,,,1,,,false,telha.ghanchi@datanexum.com,20:45.5
1252,61,Midstream Budget Statement,0,Midstream Budget Statement,2,Buy/Sell Activity,7,Cost of Purchased Gas,0,Cost of Purchased Gas,0,,0,,0,,0,,0,,,,,,,,1,false,false,false,false,false,false,false,false,true,false,Midstream Budget Statement,Midstream Budget StatementBuy/Sell ActivityCost of Purchased Gas,,,,,,,1,,,1,,,false,telha.ghanchi@datanexum.com,20:45.5
1257,64,Midstream Budget Statement,0,Midstream Budget Statement,2,Buy/Sell Activity,7,Cost of Purchased Gas,2,Cost of NGLs,0,,0,,0,,0,,0,,,,,,,,1,false,false,false,false,false,false,false,false,true,false,Midstream Budget Statement,Midstream Budget StatementBuy/Sell ActivityCost of Purchased GasCost of NGLs,,,,,,,1,,,1,,,false,telha.ghanchi@datanexum.com,20:45.5
1258,65,Midstream Budget Statement,0,Midstream Budget Statement,2,Buy/Sell Activity,7,Cost of Purchased Gas,3,Transportation Expense,0,,0,,0,,0,,0,,,,,,,,1,false,false,false,false,false,false,false,false,true,false,Midstream Budget Statement,Midstream Budget StatementBuy/Sell ActivityCost of Purchased GasTransportation Expense,,,,,,,1,,,1,,,false,telha.ghanchi@datanexum.com,20:45.5
1259,67,Midstream Budget Statement,0,Midstream Budget Statement,2,Buy/Sell Activity,9,Net Buy/Sell Activity,1,Cost of Purchased Gas,0,,0,,0,,0,,0,,,,,,,,1,false,false,false,false,false,false,false,false,true,false,Midstream Budget Statement,Midstream Budget StatementBuy/Sell ActivityNet Buy/Sell ActivityCost of Purchased Gas,,,,,,,1,,,1,,,false,telha.ghanchi@datanexum.com,20:45.5
1301,47,Midstream Budget Statement,0,Midstream Budget Statement,4,EBITDA,3,EBITDA,0,,0,,0,,0,,0,,0,,,,,,,,1,false,false,false,false,false,false,false,false,true,false,Midstream Budget Statement,Midstream Budget StatementEBITDAEBITDA,,,,,,,1,,,1,,,false,telha.ghanchi@datanexum.com,20:45.5
1302,97,Midstream Budget Statement,0,Midstream Budget Statement,4,EBITDA,3,Total 3rd Party Fees,0,Sum of all3rd party Fees,0,,0,,0,,0,,0,,,,,,,,1,false,false,false,false,false,false,false,false,true,false,Midstream Budget Statement,Midstream Budget StatementEBITDATotal 3rd Party FeesSum of all3rd party Fees,,,,,,,1,,,1,,,false,telha.ghanchi@datanexum.com,20:45.5
1303,89,Midstream Budget Statement,0,Midstream Budget Statement,4,EBITDA,3,EBITDA,1,Service Revenue,0,,0,,0,,0,,0,,,,,,,,1,false,false,false,false,false,false,false,false,true,false,Midstream Budget Statement,Midstream Budget StatementEBITDAEBITDAService Revenue,,,,,,,1,,,1,,,false,telha.ghanchi@datanexum.com,20:45.5
1304,90,Midstream Budget Statement,0,Midstream Budget Statement,4,EBITDA,3,EBITDA,2,Opex,0,,0,,0,,0,,0,,,,,,,,1,false,false,false,false,false,false,false,false,true,false,Midstream Budget Statement,Midstream Budget StatementEBITDAEBITDAOpex,,,,,,,1,,,1,,,false,telha.ghanchi@datanexum.com,20:45.5
1305,91,Midstream Budget Statement,0,Midstream Budget Statement,4,EBITDA,3,EBITDA,3,3rd Party Fees,0,,0,,0,,0,,0,,,,,,,,1,false,false,false,false,false,false,false,false,true,false,Midstream Budget Statement,Midstream Budget StatementEBITDAEBITDA3rd Party Fees,,,,,,,1,,,1,,,false,telha.ghanchi@datanexum.com,20:45.5
1306,98,Midstream Budget Statement,0,Midstream Budget Statement,4,EBITDA,4,Total EBITDA,0,,0,,0,,0,,0,,0,,,,,,,,1,false,false,false,false,false,false,false,false,true,false,Midstream Budget Statement,Midstream Budget StatementEBITDATotal EBITDA,,,,,,,1,,,1,,,false,telha.ghanchi@datanexum.com,20:45.5
1307,38,Midstream Budget Statement,0,Midstream Budget Statement,5,Capex,0,,0,,0,,0,,0,,0,,0,,,,,,,,1,false,false,false,false,false,false,false,false,true,false,Midstream Budget Statement,Midstream Budget StatementCapex,,,,,,,1,,,1,,,false,telha.ghanchi@datanexum.com,20:45.5
1310,42,Midstream Budget Statement,0,Midstream Budget Statement,5,Capex,3,Total Capex,0,,0,,0,,0,,0,,0,,,,,,,,1,false,false,false,false,false,false,false,false,true,false,Midstream Budget Statement,Midstream Budget StatementCapexTotal Capex,,,,,,,1,,,1,,,false,telha.ghanchi@datanexum.com,20:45.5
1311,101,Midstream Budget Statement,0,Midstream Budget Statement,6,Cash Flow,0,Free Cash Flow,1,Reference: Total EBITDA,0,,0,,0,,0,,0,,,,,,,,1,false,false,false,false,false,false,false,false,true,false,Midstream Budget Statement,Midstream Budget StatementCash FlowFree Cash FlowReference: Total EBITDA,,,,,,,1,,,1,,,false,telha.ghanchi@datanexum.com,20:45.5
1312,103,Midstream Budget Statement,0,Midstream Budget Statement,6,Cash Flow,0,Free Cash Flow,1,Capex,0,,0,,0,,0,,0,,,,,,,,1,false,false,false,false,false,false,false,false,true,false,Midstream Budget Statement,Midstream Budget StatementCash FlowFree Cash FlowCapex,,,,,,,1,,,1,,,false,telha.ghanchi@datanexum.com,20:45.5
1313,71,Midstream Budget Statement,0,Midstream Budget Statement,6,Cash Flow,1,Capex,0,Reference: Total Capex,0,,0,,0,,0,,0,,,,,,,,1,false,false,false,false,false,false,false,false,true,false,Midstream Budget Statement,Midstream Budget StatementCash FlowCapexReference: Total Capex,,,,,,,1,,,1,,,false,telha.ghanchi@datanexum.com,20:45.5
1314,99,Midstream Budget Statement,0,Midstream Budget Statement,6,Cash Flow,2,Total Free Cash Flow,0,Total EBITDA minus Total Capex,0,,0,,0,,0,,0,,,,,,,,1,false,false,false,false,false,false,false,false,true,false,Midstream Budget Statement,Midstream Budget StatementCash FlowTotal Free Cash FlowTotal EBITDA minus Total Capex,,,,,,,1,,,1,,,false,telha.ghanchi@datanexum.com,20:45.5
101268,1164,Midstream Budget Statement,0,Midstream Budget Statement,4,EBITDA,0,Service Revenue **inflation Adjusted,7,Thorn Lake JV Tellurian Gas Treating,0,,0,,0,,0,,0,,,Thorn Lake JV Tellurian Gas Treating,ATTRIBUTE,VW_3_FACT_REPORTING_MAPPING,CORE_MIDSTREAM,,1,false,false,false,false,false,true,false,false,true,false,Midstream Budget Statement,Midstream Budget StatementEBITDAService Revenue **inflation AdjustedThorn Lake JV Tellurian Gas Treating,,,,,,,1,,,1,,,false,uzair.ahmadani@datanexum.com,2025-10-17 06:05:37.189 -0700
101269,1165,Midstream Budget Statement,0,Midstream Budget Statement,4,EBITDA,0,Service Revenue **inflation Adjusted,7,TLE - Rex Young & Walnut $0.07 Gathering,0,,0,,0,,0,,0,,,TLE - Rex Young & Walnut $0.07 Gathering,ATTRIBUTE,VW_3_FACT_REPORTING_MAPPING,CORE_MIDSTREAM,,1,false,false,false,false,false,true,false,false,true,false,Midstream Budget Statement,Midstream Budget StatementEBITDAService Revenue **inflation AdjustedTLE - Rex Young & Walnut $0.07 Gathering,,,,,,,1,,,1,,,false,uzair.ahmadani@datanexum.com,2025-10-27 08:58:18.965 -0700
