XREF_HIERARCHY_KEY,FK_REPORT_KEY,HIERARCHY_GROUP_NAME,LEVEL_1_SORT,LEVEL_1,LEVEL_2_SORT,LEVEL_2,LEVEL_3_SORT,LEVEL_3,LEVEL_4_SORT,LEVEL_4,LEVEL_5_SORT,LEVEL_5,LEVEL_6_SORT,LEVEL_6,LEVEL_7_SORT,LEVEL_7,LEVEL_8_SORT,LEVEL_8,LEVEL_9_SORT,LEVEL_9,ID_NAME,ID,ID_SOURCE,ID_TABLE,ID_SCHEMA,ID_DATABASE,GROUP_FILTER_PRECEDENCE,DO_NOT_EXPAND_FLAG,IS_SECURED_FLAG,SPLIT_ACTIVE_FLAG,EXCLUSION_FLAG,CALCULATION_FLAG,ACTIVE_FLAG,VOLUME_FLAG,ID_UNPIVOT_FLAG,ID_ROW_FLAG,REMOVE_FROM_TOTALS,FILTER_GROUP_1,FILTER_GROUP_2,FILTER_GROUP_3,FILTER_GROUP_4,FORMULA_GROUP,SIGN_CHANGE_FLAG,FORMULA_PRECEDENCE,FORMULA_PARAM_REF,ARITHMETIC_LOGIC,FORMULA_PARAM2_CONST_NUMBER,CREATE_NEW_COLUMN
1001,1,Lease Operating Statement,1,Upstream,0,Volumes,5,Oil (BBL),5,Oil (BBL),999,N/A,0,,0,,0,,0,,,4-10-150-513,MINOR_CODE,DIM_ACCOUNT,ENERTIA,EDW,1,false,false,false,false,false,true,true,false,true,false,Volumes,VolumesOil (BBL),,,Total MCFE,false,1,Total MCFE,Multiply,7,true
1002,1,Lease Operating Statement,1,Upstream,0,Volumes,5,Oil (BBL),5,Oil (BBL),999,N/A,0,,0,,0,,0,,,4-10-100-501,MINOR_CODE,DIM_ACCOUNT,ENERTIA,EDW,1,false,false,false,false,false,true,true,false,true,false,Volumes,VolumesOil (BBL),,,Total MCFE,false,1,Total MCFE,Multiply,7,true
1003,1,Lease Operating Statement,1,Upstream,0,Volumes,5,Oil (BBL),5,Oil (BBL),999,N/A,0,,0,,0,,0,,,513-990,ACCOUNT_CODE,DIM_ACCOUNT,ENERTIA,EDW,1,false,false,false,true,false,true,true,false,true,false,Volumes,VolumesOil (BBL),,,Total MCFE,false,1,Total MCFE,Multiply,7,true
1004,2,Lease Operating Statement,1,Upstream,0,Volumes,6,Gas (MCF),6,Gas (MCF),999,N/A,0,,0,,0,,0,,,4-10-100-502,MINOR_CODE,DIM_ACCOUNT,ENERTIA,EDW,1,false,false,false,false,false,true,true,false,true,false,Volumes,VolumesGas (MCF),,,Total MCFE,false,0,,,,true
1005,2,Lease Operating Statement,1,Upstream,0,Volumes,6,Gas (MCF),6,Gas (MCF),999,N/A,0,,0,,0,,0,,,4-10-150-510,MINOR_CODE,DIM_ACCOUNT,ENERTIA,EDW,1,false,false,false,false,false,true,true,false,true,false,Volumes,VolumesGas (MCF),,,Total MCFE,false,0,,,,true
1006,3,Lease Operating Statement,1,Upstream,0,Volumes,7,NGL (GAL),7,NGL (GAL),999,N/A,0,,0,,0,,0,,,4-10-100-503,MINOR_CODE,DIM_ACCOUNT,ENERTIA,EDW,1,false,false,false,false,false,true,true,false,true,false,Volumes,VolumesNGL (GAL),,,Total MCFE,false,1,Total MCFE,Divide,7,true
1007,3,Lease Operating Statement,1,Upstream,0,Volumes,7,NGL (GAL),7,NGL (GAL),999,N/A,0,,0,,0,,0,,,4-10-150-512,MINOR_CODE,DIM_ACCOUNT,ENERTIA,EDW,1,false,false,false,false,false,true,true,false,true,false,Volumes,VolumesNGL (GAL),,,Total MCFE,false,1,Total MCFE,Divide,7,true
1008,5,Lease Operating Statement,1,Upstream,2,Revenue,1,Oil,1,Oil,999,N/A,0,,0,,0,,0,,,4-10-150-513,MINOR_CODE,DIM_ACCOUNT,ENERTIA,EDW,1,false,false,false,false,false,true,false,false,true,false,Revenue,RevenueOil,,,Total Revenue,false,0,,,,false
1009,5,Lease Operating Statement,1,Upstream,2,Revenue,1,Oil,1,Oil,999,N/A,0,,0,,0,,0,,,4-10-100-501,MINOR_CODE,DIM_ACCOUNT,ENERTIA,EDW,1,false,false,false,false,false,true,false,false,true,false,Revenue,RevenueOil,,,Total Revenue,false,0,,,,false
1010,5,Lease Operating Statement,1,Upstream,2,Revenue,1,Oil,1,Oil,999,N/A,0,,0,,0,,0,,,513-990,ACCOUNT_CODE,DIM_ACCOUNT,ENERTIA,EDW,1,false,false,false,true,false,true,false,false,true,false,Revenue,RevenueOil,,,Total Revenue,false,0,,,,false
1011,6,Lease Operating Statement,1,Upstream,2,Revenue,2,Gas,2,Gas,999,N/A,0,,0,,0,,0,,,4-10-100-502,MINOR_CODE,DIM_ACCOUNT,ENERTIA,EDW,1,false,false,false,false,false,true,false,false,true,false,Revenue,RevenueGas,,,Total Revenue,false,0,,,,false
1012,7,Lease Operating Statement,1,Upstream,2,Revenue,3,NGL,3,NGL,999,N/A,0,,0,,0,,0,,,4-10-100-503,MINOR_CODE,DIM_ACCOUNT,ENERTIA,EDW,1,false,false,false,false,false,true,false,false,true,false,Revenue,RevenueNGL,,,Total Revenue,false,0,,,,false
1013,7,Lease Operating Statement,1,Upstream,2,Revenue,3,NGL,3,NGL,999,N/A,0,,0,,0,,0,,,4-10-150-512,MINOR_CODE,DIM_ACCOUNT,ENERTIA,EDW,1,false,false,false,false,false,true,false,false,true,false,Revenue,RevenueNGL,,,Total Revenue,false,0,,,,false
1014,9,Lease Operating Statement,1,Upstream,6,Taxes,13,Production Tax,13,Gas Prod Tax,999,N/A,0,,0,,0,,0,,,602-990,ACCOUNT_CODE,DIM_ACCOUNT,ENERTIA,EDW,1,false,false,false,false,false,true,false,false,true,false,Taxes,TaxesProduction TaxGas Prod Tax,,,Total Taxes,true,0,,,,false
1015,10,Lease Operating Statement,1,Upstream,6,Taxes,13,Production Tax,14,NGL Prod Tax,999,N/A,0,,0,,0,,0,,,603-990,ACCOUNT_CODE,DIM_ACCOUNT,ENERTIA,EDW,1,false,false,false,false,false,true,false,false,true,false,Taxes,TaxesProduction TaxNGL Prod Tax,,,Total Taxes,true,0,,,,false
1016,11,Lease Operating Statement,1,Upstream,6,Taxes,13,Production Tax,15,Oil Prod Tax,999,N/A,0,,0,,0,,0,,,601-990,ACCOUNT_CODE,DIM_ACCOUNT,ENERTIA,EDW,1,false,false,false,false,false,true,false,false,true,false,Taxes,TaxesProduction TaxOil Prod Tax,,,Total Taxes,true,0,,,,false
1017,12,Lease Operating Statement,1,Upstream,6,Taxes,14,Ad Valorem,18,Gas Ad Val,999,N/A,0,,0,,0,,0,,,320-130,ACCOUNT_CODE,DIM_ACCOUNT,ENERTIA,EDW,2,false,false,false,false,false,true,false,false,true,false,Taxes,TaxesAd ValoremGas Ad Val,,,Total Taxes,true,0,,,,false
1018,12,Lease Operating Statement,1,Upstream,6,Taxes,14,Ad Valorem,18,Gas Ad Val,999,N/A,0,,0,,0,,0,,,GAS,PRODUCT_CODE,DIM_PRODUCT,ENERTIA,EDW,2,false,false,false,false,false,true,false,false,true,false,Taxes,TaxesAd ValoremGas Ad Val,,,Total Taxes,true,0,,,,false
1019,12,Lease Operating Statement,1,Upstream,6,Taxes,14,Ad Valorem,18,Gas Ad Val,999,N/A,0,,0,,0,,0,,,602-122,ACCOUNT_CODE,DIM_ACCOUNT,ENERTIA,EDW,1,false,false,false,false,false,true,false,false,true,false,Taxes,TaxesAd ValoremGas Ad Val,,,Total Taxes,true,0,,,,false
1020,12,Lease Operating Statement,1,Upstream,6,Taxes,14,Ad Valorem,18,Gas Ad Val,999,N/A,0,,0,,0,,0,,,602-112,ACCOUNT_CODE,DIM_ACCOUNT,ENERTIA,EDW,1,false,false,false,false,false,true,false,false,true,false,Taxes,TaxesAd ValoremGas Ad Val,,,Total Taxes,true,0,,,,false
1021,13,Lease Operating Statement,1,Upstream,6,Taxes,14,Ad Valorem,19,NGL Ad Val,999,N/A,0,,0,,0,,0,,,320-130,ACCOUNT_CODE,DIM_ACCOUNT,ENERTIA,EDW,1,false,false,false,false,false,true,false,false,true,false,Taxes,TaxesAd ValoremNGL Ad Val,,,Total Taxes,true,0,,,,false
1022,13,Lease Operating Statement,1,Upstream,6,Taxes,14,Ad Valorem,19,NGL Ad Val,999,N/A,0,,0,,0,,0,,,NGL,PRODUCT_CODE,DIM_PRODUCT,ENERTIA,EDW,1,false,false,false,false,false,true,false,false,true,false,Taxes,TaxesAd ValoremNGL Ad Val,,,Total Taxes,true,0,,,,false
1023,13,Lease Operating Statement,1,Upstream,6,Taxes,14,Ad Valorem,19,NGL Ad Val,999,N/A,0,,0,,0,,0,,,603-122,ACCOUNT_CODE,DIM_ACCOUNT,ENERTIA,EDW,1,false,false,false,false,false,true,false,false,true,false,Taxes,TaxesAd ValoremNGL Ad Val,,,Total Taxes,true,0,,,,false
1024,13,Lease Operating Statement,1,Upstream,6,Taxes,14,Ad Valorem,19,NGL Ad Val,999,N/A,0,,0,,0,,0,,,603-112,ACCOUNT_CODE,DIM_ACCOUNT,ENERTIA,EDW,1,false,false,false,false,false,true,false,false,true,false,Taxes,TaxesAd ValoremNGL Ad Val,,,Total Taxes,true,0,,,,false
1025,14,Lease Operating Statement,1,Upstream,6,Taxes,14,Ad Valorem,20,Oil Ad Val,999,N/A,0,,0,,0,,0,,,320-130,ACCOUNT_CODE,DIM_ACCOUNT,ENERTIA,EDW,2,false,false,false,false,false,true,false,false,true,false,Taxes,TaxesAd ValoremOil Ad Val,,,Total Taxes,true,0,,,,false
1026,14,Lease Operating Statement,1,Upstream,6,Taxes,14,Ad Valorem,20,Oil Ad Val,999,N/A,0,,0,,0,,0,,,OIL,PRODUCT_CODE,DIM_PRODUCT,ENERTIA,EDW,2,false,false,false,false,false,true,false,false,true,false,Taxes,TaxesAd ValoremOil Ad Val,,,Total Taxes,true,0,,,,false
1027,14,Lease Operating Statement,1,Upstream,6,Taxes,14,Ad Valorem,20,Oil Ad Val,999,N/A,0,,0,,0,,0,,,601-122,ACCOUNT_CODE,DIM_ACCOUNT,ENERTIA,EDW,1,false,false,false,false,false,true,false,false,true,false,Taxes,TaxesAd ValoremOil Ad Val,,,Total Taxes,true,0,,,,false
1028,14,Lease Operating Statement,1,Upstream,6,Taxes,14,Ad Valorem,20,Oil Ad Val,999,N/A,0,,0,,0,,0,,,601-112,ACCOUNT_CODE,DIM_ACCOUNT,ENERTIA,EDW,1,false,false,false,false,false,true,false,false,true,false,Taxes,TaxesAd ValoremOil Ad Val,,,Total Taxes,true,0,,,,false
1029,15,Lease Operating Statement,1,Upstream,6,Taxes,15,Severance Tax,21,Gas Sev Tax,999,N/A,0,,0,,0,,0,,,320-110,ACCOUNT_CODE,DIM_ACCOUNT,ENERTIA,EDW,2,false,false,false,false,false,true,false,false,true,false,Taxes,TaxesSeverance TaxGas Sev Tax,,,Total Taxes,true,0,,,,false
1030,15,Lease Operating Statement,1,Upstream,6,Taxes,15,Severance Tax,21,Gas Sev Tax,999,N/A,0,,0,,0,,0,,,GAS,PRODUCT_CODE,DIM_PRODUCT,ENERTIA,EDW,2,false,false,false,false,false,true,false,false,true,false,Taxes,TaxesSeverance TaxGas Sev Tax,,,Total Taxes,true,0,,,,false
1031,15,Lease Operating Statement,1,Upstream,6,Taxes,15,Severance Tax,21,Gas Sev Tax,999,N/A,0,,0,,0,,0,,,602-120,ACCOUNT_CODE,DIM_ACCOUNT,ENERTIA,EDW,1,false,false,false,false,false,true,false,false,true,false,Taxes,TaxesSeverance TaxGas Sev Tax,,,Total Taxes,true,0,,,,false
1032,15,Lease Operating Statement,1,Upstream,6,Taxes,15,Severance Tax,21,Gas Sev Tax,999,N/A,0,,0,,0,,0,,,602-110,ACCOUNT_CODE,DIM_ACCOUNT,ENERTIA,EDW,1,false,false,false,false,false,true,false,false,true,false,Taxes,TaxesSeverance TaxGas Sev Tax,,,Total Taxes,true,0,,,,false
1033,16,Lease Operating Statement,1,Upstream,6,Taxes,15,Severance Tax,22,NGL Sev Tax,999,N/A,0,,0,,0,,0,,,320-110,ACCOUNT_CODE,DIM_ACCOUNT,ENERTIA,EDW,2,false,false,false,false,false,true,false,false,true,false,Taxes,TaxesSeverance TaxNGL Sev Tax,,,Total Taxes,true,0,,,,false
1034,16,Lease Operating Statement,1,Upstream,6,Taxes,15,Severance Tax,22,NGL Sev Tax,999,N/A,0,,0,,0,,0,,,NGL,PRODUCT_CODE,DIM_PRODUCT,ENERTIA,EDW,2,false,false,false,false,false,true,false,false,true,false,Taxes,TaxesSeverance TaxNGL Sev Tax,,,Total Taxes,true,0,,,,false
1035,16,Lease Operating Statement,1,Upstream,6,Taxes,15,Severance Tax,22,NGL Sev Tax,999,N/A,0,,0,,0,,0,,,603-120,ACCOUNT_CODE,DIM_ACCOUNT,ENERTIA,EDW,1,false,false,false,false,false,true,false,false,true,false,Taxes,TaxesSeverance TaxNGL Sev Tax,,,Total Taxes,true,0,,,,false
1036,16,Lease Operating Statement,1,Upstream,6,Taxes,15,Severance Tax,22,NGL Sev Tax,999,N/A,0,,0,,0,,0,,,603-110,ACCOUNT_CODE,DIM_ACCOUNT,ENERTIA,EDW,1,false,false,false,false,false,true,false,false,true,false,Taxes,TaxesSeverance TaxNGL Sev Tax,,,Total Taxes,true,0,,,,false
1037,17,Lease Operating Statement,1,Upstream,6,Taxes,15,Severance Tax,23,Oil Sev Tax,999,N/A,0,,0,,0,,0,,,320-110,ACCOUNT_CODE,DIM_ACCOUNT,ENERTIA,EDW,2,false,false,false,false,false,true,false,false,true,false,Taxes,TaxesSeverance TaxOil Sev Tax,,,Total Taxes,true,0,,,,false
1038,17,Lease Operating Statement,1,Upstream,6,Taxes,15,Severance Tax,23,Oil Sev Tax,999,N/A,0,,0,,0,,0,,,OIL,PRODUCT_CODE,DIM_PRODUCT,ENERTIA,EDW,2,false,false,false,false,false,true,false,false,true,false,Taxes,TaxesSeverance TaxOil Sev Tax,,,Total Taxes,true,0,,,,false
1039,17,Lease Operating Statement,1,Upstream,6,Taxes,15,Severance Tax,23,Oil Sev Tax,999,N/A,0,,0,,0,,0,,,601-120,ACCOUNT_CODE,DIM_ACCOUNT,ENERTIA,EDW,1,false,false,false,false,false,true,false,false,true,false,Taxes,TaxesSeverance TaxOil Sev Tax,,,Total Taxes,true,0,,,,false
1040,17,Lease Operating Statement,1,Upstream,6,Taxes,15,Severance Tax,23,Oil Sev Tax,999,N/A,0,,0,,0,,0,,,601-110,ACCOUNT_CODE,DIM_ACCOUNT,ENERTIA,EDW,1,false,false,false,false,false,true,false,false,true,false,Taxes,TaxesSeverance TaxOil Sev Tax,,,Total Taxes,true,0,,,,false
1041,18,Lease Operating Statement,1,Upstream,6,Taxes,16,Conservation Taxes,24,Gas Conservation Tax,999,N/A,0,,0,,0,,0,,,320-120,ACCOUNT_CODE,DIM_ACCOUNT,ENERTIA,EDW,1,false,false,false,false,false,true,false,false,true,false,Taxes,TaxesConservation TaxesGas Conservation Tax,,,Total Taxes,true,0,,,,false
1042,18,Lease Operating Statement,1,Upstream,6,Taxes,16,Conservation Taxes,24,Gas Conservation Tax,999,N/A,0,,0,,0,,0,,,GAS,PRODUCT_CODE,DIM_PRODUCT,ENERTIA,EDW,2,false,false,false,false,false,true,false,false,true,false,Taxes,TaxesConservation TaxesGas Conservation Tax,,,Total Taxes,true,0,,,,false
1043,18,Lease Operating Statement,1,Upstream,6,Taxes,16,Conservation Taxes,24,Gas Conservation Tax,999,N/A,0,,0,,0,,0,,,602-121,ACCOUNT_CODE,DIM_ACCOUNT,ENERTIA,EDW,2,false,false,false,false,false,true,false,false,true,false,Taxes,TaxesConservation TaxesGas Conservation Tax,,,Total Taxes,true,0,,,,false
1044,18,Lease Operating Statement,1,Upstream,6,Taxes,16,Conservation Taxes,24,Gas Conservation Tax,999,N/A,0,,0,,0,,0,,,602-111,ACCOUNT_CODE,DIM_ACCOUNT,ENERTIA,EDW,1,false,false,false,false,false,true,false,false,true,false,Taxes,TaxesConservation TaxesGas Conservation Tax,,,Total Taxes,true,0,,,,false
1045,19,Lease Operating Statement,1,Upstream,6,Taxes,16,Conservation Taxes,25,NGL Conservation Tax,999,N/A,0,,0,,0,,0,,,320-120,ACCOUNT_CODE,DIM_ACCOUNT,ENERTIA,EDW,2,false,false,false,false,false,true,false,false,true,false,Taxes,TaxesConservation TaxesNGL Conservation Tax,,,Total Taxes,true,0,,,,false
1046,19,Lease Operating Statement,1,Upstream,6,Taxes,16,Conservation Taxes,25,NGL Conservation Tax,999,N/A,0,,0,,0,,0,,,NGL,PRODUCT_CODE,DIM_PRODUCT,ENERTIA,EDW,2,false,false,false,false,false,true,false,false,true,false,Taxes,TaxesConservation TaxesNGL Conservation Tax,,,Total Taxes,true,0,,,,false
1047,19,Lease Operating Statement,1,Upstream,6,Taxes,16,Conservation Taxes,25,NGL Conservation Tax,999,N/A,0,,0,,0,,0,,,603-121,ACCOUNT_CODE,DIM_ACCOUNT,ENERTIA,EDW,1,false,false,false,false,false,true,false,false,true,false,Taxes,TaxesConservation TaxesNGL Conservation Tax,,,Total Taxes,true,0,,,,false
1048,19,Lease Operating Statement,1,Upstream,6,Taxes,16,Conservation Taxes,25,NGL Conservation Tax,999,N/A,0,,0,,0,,0,,,603-111,ACCOUNT_CODE,DIM_ACCOUNT,ENERTIA,EDW,1,false,false,false,false,false,true,false,false,true,false,Taxes,TaxesConservation TaxesNGL Conservation Tax,,,Total Taxes,true,0,,,,false
1049,20,Lease Operating Statement,1,Upstream,6,Taxes,16,Conservation Taxes,26,Oil Conservation Tax,999,N/A,0,,0,,0,,0,,,320-120,ACCOUNT_CODE,DIM_ACCOUNT,ENERTIA,EDW,2,false,false,false,false,false,true,false,false,true,false,Taxes,TaxesConservation TaxesOil Conservation Tax,,,Total Taxes,true,0,,,,false
1050,20,Lease Operating Statement,1,Upstream,6,Taxes,16,Conservation Taxes,26,Oil Conservation Tax,999,N/A,0,,0,,0,,0,,,OIL,PRODUCT_CODE,DIM_PRODUCT,ENERTIA,EDW,2,false,false,false,false,false,true,false,false,true,false,Taxes,TaxesConservation TaxesOil Conservation Tax,,,Total Taxes,true,0,,,,false
1051,20,Lease Operating Statement,1,Upstream,6,Taxes,16,Conservation Taxes,26,Oil Conservation Tax,999,N/A,0,,0,,0,,0,,,601-121,ACCOUNT_CODE,DIM_ACCOUNT,ENERTIA,EDW,1,false,false,false,false,false,true,false,false,true,false,Taxes,TaxesConservation TaxesOil Conservation Tax,,,Total Taxes,true,0,,,,false
1052,20,Lease Operating Statement,1,Upstream,6,Taxes,16,Conservation Taxes,26,Oil Conservation Tax,999,N/A,0,,0,,0,,0,,,601-111,ACCOUNT_CODE,DIM_ACCOUNT,ENERTIA,EDW,1,false,false,false,false,false,true,false,false,true,false,Taxes,TaxesConservation TaxesOil Conservation Tax,,,Total Taxes,true,0,,,,false
1053,21,Lease Operating Statement,1,Upstream,6,Taxes,17,Other Production Taxes,27,Gas Other Prod Tax,999,N/A,0,,0,,0,,0,,,602-123,ACCOUNT_CODE,DIM_ACCOUNT,ENERTIA,EDW,1,false,false,false,false,false,true,false,false,true,false,Taxes,TaxesOther Production TaxesGas Other Prod Tax,,,Total Taxes,true,0,,,,false
1054,21,Lease Operating Statement,1,Upstream,6,Taxes,17,Other Production Taxes,27,Gas Other Prod Tax,999,N/A,0,,0,,0,,0,,,602-113,ACCOUNT_CODE,DIM_ACCOUNT,ENERTIA,EDW,1,false,false,false,false,false,true,false,false,true,false,Taxes,TaxesOther Production TaxesGas Other Prod Tax,,,Total Taxes,true,0,,,,false
1055,23,Lease Operating Statement,1,Upstream,8,Deducts,19,Transportation,28,Transportation,999,N/A,0,,0,,0,,0,,,5-10-200-611,MINOR_CODE,DIM_ACCOUNT,ENERTIA,EDW,1,false,false,false,false,false,true,false,false,true,false,Deducts,DeductsTransportation,,,Total Deducts,true,0,,,,false
1056,23,Lease Operating Statement,1,Upstream,8,Deducts,19,Transportation,28,Transportation,999,N/A,0,,0,,0,,0,,,MKTE700,BILLING_CATEGORY_CODE,DIM_ACCOUNT,ENERTIA,EDW,1,false,false,false,false,false,true,false,false,true,false,Deducts,DeductsTransportation,,,Total Deducts,true,0,,,,false
1057,23,Lease Operating Statement,1,Upstream,8,Deducts,19,Transportation,28,Transportation,999,N/A,0,,0,,0,,0,,,MOE700,BILLING_CATEGORY_CODE,DIM_ACCOUNT,ENERTIA,EDW,1,false,false,false,false,false,true,false,false,true,false,Deducts,DeductsTransportation,,,Total Deducts,true,0,,,,false
1058,23,Lease Operating Statement,1,Upstream,8,Deducts,19,Transportation,28,Transportation,999,N/A,0,,0,,0,,0,,,LOE700,BILLING_CATEGORY_CODE,DIM_ACCOUNT,ENERTIA,EDW,1,false,false,false,false,false,true,false,false,true,false,Deducts,DeductsTransportation,,,Total Deducts,true,0,,,,false
1059,23,Lease Operating Statement,1,Upstream,8,Deducts,19,Transportation,28,Transportation,999,N/A,0,,0,,0,,0,,,LOE701,BILLING_CATEGORY_CODE,DIM_ACCOUNT,ENERTIA,EDW,1,false,false,false,false,false,true,false,false,true,false,Deducts,DeductsTransportation,,,Total Deducts,true,0,,,,false
1060,24,Lease Operating Statement,1,Upstream,8,Deducts,20,Gathering,29,Gathering,999,N/A,0,,0,,0,,0,,,5-10-200-610,MINOR_CODE,DIM_ACCOUNT,ENERTIA,EDW,1,false,false,false,false,false,true,false,false,true,false,Deducts,DeductsGathering,,,Total Deducts,true,0,,,,false
1061,25,Lease Operating Statement,1,Upstream,8,Deducts,21,Treating & Processing,39,Treating & Processing,999,N/A,0,,0,,0,,0,,,5-10-200-612,MINOR_CODE,DIM_ACCOUNT,ENERTIA,EDW,1,false,false,false,false,false,true,false,false,true,false,Deducts,DeductsTreating & Processing,,,Total Deducts,true,0,,,,false
1062,26,Lease Operating Statement,1,Upstream,8,Deducts,22,Compression,31,Compression,999,N/A,0,,0,,0,,0,,,5-10-200-613,MINOR_CODE,DIM_ACCOUNT,ENERTIA,EDW,1,false,false,false,false,false,true,false,false,true,false,Deducts,DeductsCompression,,,Total Deducts,true,0,,,,false
1063,27,Lease Operating Statement,1,Upstream,8,Deducts,23,Other Production Charges,32,Other Production Charges,999,N/A,0,,0,,0,,0,,,5-10-200-619,MINOR_CODE,DIM_ACCOUNT,ENERTIA,EDW,1,false,false,false,false,false,true,false,false,true,false,Deducts,DeductsOther Production Charges,,,Total Deducts,true,0,,,,false
1064,27,Lease Operating Statement,1,Upstream,8,Deducts,23,Other Production Charges,32,Other Production Charges,999,N/A,0,,0,,0,,0,,,5-10-200-620,MINOR_CODE,DIM_ACCOUNT,ENERTIA,EDW,1,false,false,false,false,false,true,false,false,true,false,Deducts,DeductsOther Production Charges,,,Total Deducts,true,0,,,,false
1065,27,Lease Operating Statement,1,Upstream,8,Deducts,23,Other Production Charges,32,Other Production Charges,999,N/A,0,,0,,0,,0,,,5-10-200-621,MINOR_CODE,DIM_ACCOUNT,ENERTIA,EDW,1,false,false,false,false,false,true,false,false,true,false,Deducts,DeductsOther Production Charges,,,Total Deducts,true,0,,,,false
1066,27,Lease Operating Statement,1,Upstream,8,Deducts,23,Other Production Charges,32,Other Production Charges,999,N/A,0,,0,,0,,0,,,5-10-200-622,MINOR_CODE,DIM_ACCOUNT,ENERTIA,EDW,1,false,false,false,false,false,true,false,false,true,false,Deducts,DeductsOther Production Charges,,,Total Deducts,true,0,,,,false
1067,34,Lease Operating Statement,1,Upstream,12,Operating Expense,30,Recurring,33,Ad Valorem Taxes,43,Operated,0,,0,,0,,0,,,LOE750,BILLING_CATEGORY_CODE,DIM_ACCOUNT,ENERTIA,EDW,1,false,false,false,false,false,true,false,false,true,false,Operating Expense,Operating ExpenseRecurringAd Valorem TaxesOperated,,,Total LOE Recurring,true,0,,,,false
1068,34,Lease Operating Statement,1,Upstream,12,Operating Expense,30,Recurring,33,Ad Valorem Taxes,43,Operated,0,,0,,0,,0,,,MOE750,BILLING_CATEGORY_CODE,DIM_ACCOUNT,ENERTIA,EDW,1,false,false,false,false,false,true,false,false,true,false,Operating Expense,Operating ExpenseRecurringAd Valorem TaxesOperated,,,Total LOE Recurring,true,0,,,,false
1069,35,Lease Operating Statement,1,Upstream,12,Operating Expense,30,Recurring,63,Artificial Lift Equip,43,Operated,0,,0,,0,,0,,,LOE545,BILLING_CATEGORY_CODE,DIM_ACCOUNT,ENERTIA,EDW,1,false,false,false,false,false,true,false,false,true,false,Operating Expense,Operating ExpenseRecurringArtificial Lift EquipOperated,,,Total LOE Recurring,true,0,,,,false
1070,36,Lease Operating Statement,1,Upstream,12,Operating Expense,30,Recurring,64,Automation/Measrmt,43,Operated,0,,0,,0,,0,,,LOE570,BILLING_CATEGORY_CODE,DIM_ACCOUNT,ENERTIA,EDW,1,false,false,false,false,false,true,false,false,true,false,Operating Expense,Operating ExpenseRecurringAutomation/MeasrmtOperated,,,Total LOE Recurring,true,0,,,,false
1071,37,Lease Operating Statement,1,Upstream,12,Operating Expense,30,Recurring,65,Bottom Hole Pump,43,Operated,0,,0,,0,,0,,,LOE525,BILLING_CATEGORY_CODE,DIM_ACCOUNT,ENERTIA,EDW,1,false,false,false,false,false,true,false,false,true,false,Operating Expense,Operating ExpenseRecurringBottom Hole PumpOperated,,,Total LOE Recurring,true,0,,,,false
1072,38,Lease Operating Statement,1,Upstream,12,Operating Expense,30,Recurring,66,Chemicals,43,Operated,0,,0,,0,,0,,,MOE295,BILLING_CATEGORY_CODE,DIM_ACCOUNT,ENERTIA,EDW,1,false,false,false,false,false,true,false,false,true,false,Operating Expense,Operating ExpenseRecurringChemicalsOperated,,,Total LOE Recurring,true,0,,,,false
1073,38,Lease Operating Statement,1,Upstream,12,Operating Expense,30,Recurring,66,Chemicals,43,Operated,0,,0,,0,,0,,,LOE295,BILLING_CATEGORY_CODE,DIM_ACCOUNT,ENERTIA,EDW,1,false,false,false,false,false,true,false,false,true,false,Operating Expense,Operating ExpenseRecurringChemicalsOperated,,,Total LOE Recurring,true,0,,,,false
1074,38,Lease Operating Statement,1,Upstream,12,Operating Expense,30,Recurring,66,Chemicals,43,Operated,0,,0,,0,,0,,,LOE245,BILLING_CATEGORY_CODE,DIM_ACCOUNT,ENERTIA,EDW,1,false,false,false,false,false,true,false,false,true,false,Operating Expense,Operating ExpenseRecurringChemicalsOperated,,,Total LOE Recurring,true,0,,,,false
1075,38,Lease Operating Statement,1,Upstream,12,Operating Expense,30,Recurring,66,Chemicals,43,Operated,0,,0,,0,,0,,,MOE245,BILLING_CATEGORY_CODE,DIM_ACCOUNT,ENERTIA,EDW,1,false,false,false,false,false,true,false,false,true,false,Operating Expense,Operating ExpenseRecurringChemicalsOperated,,,Total LOE Recurring,true,0,,,,false
1076,38,Lease Operating Statement,1,Upstream,12,Operating Expense,30,Recurring,66,Chemicals,43,Operated,0,,0,,0,,0,,,MOE241,BILLING_CATEGORY_CODE,DIM_ACCOUNT,ENERTIA,EDW,1,false,false,false,false,false,true,false,false,true,false,Operating Expense,Operating ExpenseRecurringChemicalsOperated,,,Total LOE Recurring,true,0,,,,false
1077,38,Lease Operating Statement,1,Upstream,12,Operating Expense,30,Recurring,66,Chemicals,43,Operated,0,,0,,0,,0,,,MOE243,BILLING_CATEGORY_CODE,DIM_ACCOUNT,ENERTIA,EDW,1,false,false,false,false,false,true,false,false,true,false,Operating Expense,Operating ExpenseRecurringChemicalsOperated,,,Total LOE Recurring,true,0,,,,false
1078,38,Lease Operating Statement,1,Upstream,12,Operating Expense,30,Recurring,66,Chemicals,43,Operated,0,,0,,0,,0,,,LOE243,BILLING_CATEGORY_CODE,DIM_ACCOUNT,ENERTIA,EDW,1,false,false,false,false,false,true,false,false,true,false,Operating Expense,Operating ExpenseRecurringChemicalsOperated,,,Total LOE Recurring,true,0,,,,false
1079,38,Lease Operating Statement,1,Upstream,12,Operating Expense,30,Recurring,66,Chemicals,43,Operated,0,,0,,0,,0,,,LOE242,BILLING_CATEGORY_CODE,DIM_ACCOUNT,ENERTIA,EDW,1,false,false,false,false,false,true,false,false,true,false,Operating Expense,Operating ExpenseRecurringChemicalsOperated,,,Total LOE Recurring,true,0,,,,false
1080,38,Lease Operating Statement,1,Upstream,12,Operating Expense,30,Recurring,66,Chemicals,43,Operated,0,,0,,0,,0,,,MOE242,BILLING_CATEGORY_CODE,DIM_ACCOUNT,ENERTIA,EDW,1,false,false,false,false,false,true,false,false,true,false,Operating Expense,Operating ExpenseRecurringChemicalsOperated,,,Total LOE Recurring,true,0,,,,false
1081,38,Lease Operating Statement,1,Upstream,12,Operating Expense,30,Recurring,66,Chemicals,43,Operated,0,,0,,0,,0,,,LOE244,BILLING_CATEGORY_CODE,DIM_ACCOUNT,ENERTIA,EDW,1,false,false,false,false,false,true,false,false,true,false,Operating Expense,Operating ExpenseRecurringChemicalsOperated,,,Total LOE Recurring,true,0,,,,false
1082,38,Lease Operating Statement,1,Upstream,12,Operating Expense,30,Recurring,66,Chemicals,43,Operated,0,,0,,0,,0,,,MOE244,BILLING_CATEGORY_CODE,DIM_ACCOUNT,ENERTIA,EDW,1,false,false,false,false,false,true,false,false,true,false,Operating Expense,Operating ExpenseRecurringChemicalsOperated,,,Total LOE Recurring,true,0,,,,false
1083,39,Lease Operating Statement,1,Upstream,12,Operating Expense,30,Recurring,67,Tubing,43,Operated,0,,0,,0,,0,,,LOE180,BILLING_CATEGORY_CODE,DIM_ACCOUNT,ENERTIA,EDW,1,false,false,false,false,false,true,false,false,true,false,Operating Expense,Operating ExpenseRecurringTubingOperated,,,Total LOE Recurring,true,0,,,,false
1084,40,Lease Operating Statement,1,Upstream,12,Operating Expense,30,Recurring,68,Communications,43,Operated,0,,0,,0,,0,,,LOE335,BILLING_CATEGORY_CODE,DIM_ACCOUNT,ENERTIA,EDW,1,false,false,false,false,false,true,false,false,true,false,Operating Expense,Operating ExpenseRecurringCommunicationsOperated,,,Total LOE Recurring,true,0,,,,false
1085,40,Lease Operating Statement,1,Upstream,12,Operating Expense,30,Recurring,68,Communications,43,Operated,0,,0,,0,,0,,,MOE335,BILLING_CATEGORY_CODE,DIM_ACCOUNT,ENERTIA,EDW,1,false,false,false,false,false,true,false,false,true,false,Operating Expense,Operating ExpenseRecurringCommunicationsOperated,,,Total LOE Recurring,true,0,,,,false
1086,41,Lease Operating Statement,1,Upstream,12,Operating Expense,30,Recurring,69,Labor,43,Operated,0,,0,,0,,0,,,LOE100,BILLING_CATEGORY_CODE,DIM_ACCOUNT,ENERTIA,EDW,1,false,false,false,false,false,true,false,false,true,false,Operating Expense,Operating ExpenseRecurringLaborOperated,,,Total LOE Recurring,true,0,,,,false
1087,41,Lease Operating Statement,1,Upstream,12,Operating Expense,30,Recurring,69,Labor,43,Operated,0,,0,,0,,0,,,MOE100,BILLING_CATEGORY_CODE,DIM_ACCOUNT,ENERTIA,EDW,1,false,false,false,false,false,true,false,false,true,false,Operating Expense,Operating ExpenseRecurringLaborOperated,,,Total LOE Recurring,true,0,,,,false
1088,42,Lease Operating Statement,1,Upstream,12,Operating Expense,30,Recurring,70,Completion/Workover Rigs,43,Operated,0,,0,,0,,0,,,LOE160,BILLING_CATEGORY_CODE,DIM_ACCOUNT,ENERTIA,EDW,1,false,false,false,false,false,true,false,false,true,false,Operating Expense,Operating ExpenseRecurringCompletion/Workover RigsOperated,,,Total LOE Recurring,true,0,,,,false
1089,43,Lease Operating Statement,1,Upstream,12,Operating Expense,30,Recurring,71,Compressors/Pumps,43,Operated,0,,0,,0,,0,,,LOE555,BILLING_CATEGORY_CODE,DIM_ACCOUNT,ENERTIA,EDW,1,false,false,false,false,false,true,false,false,true,false,Operating Expense,Operating ExpenseRecurringCompressors/PumpsOperated,,,Total LOE Recurring,true,0,,,,false
1090,41,Lease Operating Statement,1,Upstream,12,Operating Expense,30,Recurring,69,Labor,43,Operated,0,,0,,0,,0,,,LOE105,BILLING_CATEGORY_CODE,DIM_ACCOUNT,ENERTIA,EDW,1,false,false,false,false,false,true,false,false,true,false,Operating Expense,Operating ExpenseRecurringLaborOperated,,,Total LOE Recurring,true,0,,,,false
1091,41,Lease Operating Statement,1,Upstream,12,Operating Expense,30,Recurring,69,Labor,43,Operated,0,,0,,0,,0,,,MOE105,BILLING_CATEGORY_CODE,DIM_ACCOUNT,ENERTIA,EDW,1,false,false,false,false,false,true,false,false,true,false,Operating Expense,Operating ExpenseRecurringLaborOperated,,,Total LOE Recurring,true,0,,,,false
1092,44,Lease Operating Statement,1,Upstream,12,Operating Expense,30,Recurring,73,Disposal,43,Operated,0,,0,,0,,0,,,LOE275,BILLING_CATEGORY_CODE,DIM_ACCOUNT,ENERTIA,EDW,1,false,false,false,false,false,true,false,false,true,false,Operating Expense,Operating ExpenseRecurringDisposalOperated,,,Total LOE Recurring,true,0,,,,false
1093,44,Lease Operating Statement,1,Upstream,12,Operating Expense,30,Recurring,73,Disposal,43,Operated,0,,0,,0,,0,,,MOE275,BILLING_CATEGORY_CODE,DIM_ACCOUNT,ENERTIA,EDW,1,false,false,false,false,false,true,false,false,true,false,Operating Expense,Operating ExpenseRecurringDisposalOperated,,,Total LOE Recurring,true,0,,,,false
1094,45,Lease Operating Statement,1,Upstream,12,Operating Expense,30,Recurring,74,EIS Costs,43,Operated,0,,0,,0,,0,,,LOE430,BILLING_CATEGORY_CODE,DIM_ACCOUNT,ENERTIA,EDW,1,false,false,false,false,false,true,false,false,true,false,Operating Expense,Operating ExpenseRecurringEIS CostsOperated,,,Total LOE Recurring,true,0,,,,false
1095,46,Lease Operating Statement,1,Upstream,12,Operating Expense,30,Recurring,75,Electrc Svcs/Dist Sys,43,Operated,0,,0,,0,,0,,,LOE540,BILLING_CATEGORY_CODE,DIM_ACCOUNT,ENERTIA,EDW,1,false,false,false,false,false,true,false,false,true,false,Operating Expense,Operating ExpenseRecurringElectrc Svcs/Dist SysOperated,,,Total LOE Recurring,true,0,,,,false
1096,47,Lease Operating Statement,1,Upstream,12,Operating Expense,30,Recurring,76,Equipment Expense,43,Operated,0,,0,,0,,0,,,MOE555,BILLING_CATEGORY_CODE,DIM_ACCOUNT,ENERTIA,EDW,1,false,false,false,false,false,true,false,false,true,false,Operating Expense,Operating ExpenseRecurringEquipment ExpenseOperated,,,Total LOE Recurring,true,0,,,,false
1097,47,Lease Operating Statement,1,Upstream,12,Operating Expense,30,Recurring,76,Equipment Expense,43,Operated,0,,0,,0,,0,,,MOE560,BILLING_CATEGORY_CODE,DIM_ACCOUNT,ENERTIA,EDW,1,false,false,false,false,false,true,false,false,true,false,Operating Expense,Operating ExpenseRecurringEquipment ExpenseOperated,,,Total LOE Recurring,true,0,,,,false
1098,47,Lease Operating Statement,1,Upstream,12,Operating Expense,30,Recurring,76,Equipment Expense,43,Operated,0,,0,,0,,0,,,MOE570,BILLING_CATEGORY_CODE,DIM_ACCOUNT,ENERTIA,EDW,1,false,false,false,false,false,true,false,false,true,false,Operating Expense,Operating ExpenseRecurringEquipment ExpenseOperated,,,Total LOE Recurring,true,0,,,,false
1099,47,Lease Operating Statement,1,Upstream,12,Operating Expense,30,Recurring,76,Equipment Expense,43,Operated,0,,0,,0,,0,,,MOE590,BILLING_CATEGORY_CODE,DIM_ACCOUNT,ENERTIA,EDW,1,false,false,false,false,false,true,false,false,true,false,Operating Expense,Operating ExpenseRecurringEquipment ExpenseOperated,,,Total LOE Recurring,true,0,,,,false
1100,47,Lease Operating Statement,1,Upstream,12,Operating Expense,30,Recurring,76,Equipment Expense,43,Operated,0,,0,,0,,0,,,MOE565,BILLING_CATEGORY_CODE,DIM_ACCOUNT,ENERTIA,EDW,1,false,false,false,false,false,true,false,false,true,false,Operating Expense,Operating ExpenseRecurringEquipment ExpenseOperated,,,Total LOE Recurring,true,0,,,,false
1101,47,Lease Operating Statement,1,Upstream,12,Operating Expense,30,Recurring,76,Equipment Expense,43,Operated,0,,0,,0,,0,,,MOE550,BILLING_CATEGORY_CODE,DIM_ACCOUNT,ENERTIA,EDW,1,false,false,false,false,false,true,false,false,true,false,Operating Expense,Operating ExpenseRecurringEquipment ExpenseOperated,,,Total LOE Recurring,true,0,,,,false
1102,47,Lease Operating Statement,1,Upstream,12,Operating Expense,30,Recurring,76,Equipment Expense,43,Operated,0,,0,,0,,0,,,LOE310,BILLING_CATEGORY_CODE,DIM_ACCOUNT,ENERTIA,EDW,1,false,false,false,false,false,true,false,false,true,false,Operating Expense,Operating ExpenseRecurringEquipment ExpenseOperated,,,Total LOE Recurring,true,0,,,,false
1103,47,Lease Operating Statement,1,Upstream,12,Operating Expense,30,Recurring,76,Equipment Expense,43,Operated,0,,0,,0,,0,,,MOE310,BILLING_CATEGORY_CODE,DIM_ACCOUNT,ENERTIA,EDW,1,false,false,false,false,false,true,false,false,true,false,Operating Expense,Operating ExpenseRecurringEquipment ExpenseOperated,,,Total LOE Recurring,true,0,,,,false
1104,48,Lease Operating Statement,1,Upstream,12,Operating Expense,30,Recurring,77,Field Office,43,Operated,0,,0,,0,,0,,,LOE330,BILLING_CATEGORY_CODE,DIM_ACCOUNT,ENERTIA,EDW,1,false,false,false,false,false,true,false,false,true,false,Operating Expense,Operating ExpenseRecurringField OfficeOperated,,,Total LOE Recurring,true,0,,,,false
1105,48,Lease Operating Statement,1,Upstream,12,Operating Expense,30,Recurring,77,Field Office,43,Operated,0,,0,,0,,0,,,MOE330,BILLING_CATEGORY_CODE,DIM_ACCOUNT,ENERTIA,EDW,1,false,false,false,false,false,true,false,false,true,false,Operating Expense,Operating ExpenseRecurringField OfficeOperated,,,Total LOE Recurring,true,0,,,,false
1106,49,Lease Operating Statement,1,Upstream,12,Operating Expense,30,Recurring,78,Flowback & Testing,43,Operated,0,,0,,0,,0,,,LOE205,BILLING_CATEGORY_CODE,DIM_ACCOUNT,ENERTIA,EDW,1,false,false,false,false,false,true,false,false,true,false,Operating Expense,Operating ExpenseRecurringFlowback & TestingOperated,,,Total LOE Recurring,true,0,,,,false
1107,50,Lease Operating Statement,1,Upstream,12,Operating Expense,30,Recurring,79,Fluids/Solids/Control/Water,43,Operated,0,,0,,0,,0,,,LOE260,BILLING_CATEGORY_CODE,DIM_ACCOUNT,ENERTIA,EDW,1,false,false,false,false,false,true,false,false,true,false,Operating Expense,Operating ExpenseRecurringFluids/Solids/Control/WaterOperated,,,Total LOE Recurring,true,0,,,,false
1108,51,Lease Operating Statement,1,Upstream,12,Operating Expense,30,Recurring,80,Fuel & Power,43,Operated,0,,0,,0,,0,,,LOE110,BILLING_CATEGORY_CODE,DIM_ACCOUNT,ENERTIA,EDW,1,false,false,false,false,false,true,false,false,true,false,Operating Expense,Operating ExpenseRecurringFuel & PowerOperated,,,Total LOE Recurring,true,0,,,,false
1109,51,Lease Operating Statement,1,Upstream,12,Operating Expense,30,Recurring,80,Fuel & Power,43,Operated,0,,0,,0,,0,,,MOE110,BILLING_CATEGORY_CODE,DIM_ACCOUNT,ENERTIA,EDW,1,false,false,false,false,false,true,false,false,true,false,Operating Expense,Operating ExpenseRecurringFuel & PowerOperated,,,Total LOE Recurring,true,0,,,,false
1110,52,Lease Operating Statement,1,Upstream,12,Operating Expense,30,Recurring,81,Gas Marketing,43,Operated,0,,0,,0,,0,,,MOE700,BILLING_CATEGORY_CODE,DIM_ACCOUNT,ENERTIA,EDW,1,false,false,false,false,false,true,false,false,true,false,Operating Expense,Operating ExpenseRecurringGas MarketingOperated,,,Total LOE Recurring,true,0,,,,false
1111,53,Lease Operating Statement,1,Upstream,12,Operating Expense,30,Recurring,82,HSE,43,Operated,0,,0,,0,,0,,,LOE340,BILLING_CATEGORY_CODE,DIM_ACCOUNT,ENERTIA,EDW,1,false,false,false,false,false,true,false,false,true,false,Operating Expense,Operating ExpenseRecurringHSEOperated,,,Total LOE Recurring,true,0,,,,false
1112,53,Lease Operating Statement,1,Upstream,12,Operating Expense,30,Recurring,82,HSE,43,Operated,0,,0,,0,,0,,,MOE340,BILLING_CATEGORY_CODE,DIM_ACCOUNT,ENERTIA,EDW,1,false,false,false,false,false,true,false,false,true,false,Operating Expense,Operating ExpenseRecurringHSEOperated,,,Total LOE Recurring,true,0,,,,false
1113,54,Lease Operating Statement,1,Upstream,12,Operating Expense,30,Recurring,83,Inspection,43,Operated,0,,0,,0,,0,,,LOE315,BILLING_CATEGORY_CODE,DIM_ACCOUNT,ENERTIA,EDW,1,false,false,false,false,false,true,false,false,true,false,Operating Expense,Operating ExpenseRecurringInspectionOperated,,,Total LOE Recurring,true,0,,,,false
1114,54,Lease Operating Statement,1,Upstream,12,Operating Expense,30,Recurring,83,Inspection,43,Operated,0,,0,,0,,0,,,MOE315,BILLING_CATEGORY_CODE,DIM_ACCOUNT,ENERTIA,EDW,1,false,false,false,false,false,true,false,false,true,false,Operating Expense,Operating ExpenseRecurringInspectionOperated,,,Total LOE Recurring,true,0,,,,false
1115,55,Lease Operating Statement,1,Upstream,12,Operating Expense,30,Recurring,84,Insurance,43,Operated,0,,0,,0,,0,,,LOE760,BILLING_CATEGORY_CODE,DIM_ACCOUNT,ENERTIA,EDW,1,false,false,false,false,false,true,false,false,true,false,Operating Expense,Operating ExpenseRecurringInsuranceOperated,,,Total LOE Recurring,true,0,,,,false
1116,55,Lease Operating Statement,1,Upstream,12,Operating Expense,30,Recurring,84,Insurance,43,Operated,0,,0,,0,,0,,,MOE760,BILLING_CATEGORY_CODE,DIM_ACCOUNT,ENERTIA,EDW,1,false,false,false,false,false,true,false,false,true,false,Operating Expense,Operating ExpenseRecurringInsuranceOperated,,,Total LOE Recurring,true,0,,,,false
1117,55,Lease Operating Statement,1,Upstream,12,Operating Expense,30,Recurring,84,Insurance,43,Operated,0,,0,,0,,0,,,LOE763,BILLING_CATEGORY_CODE,DIM_ACCOUNT,ENERTIA,EDW,1,false,false,false,false,false,true,false,false,true,false,Operating Expense,Operating ExpenseRecurringInsuranceOperated,,,Total LOE Recurring,true,0,,,,false
1118,56,Lease Operating Statement,1,Upstream,12,Operating Expense,30,Recurring,85,Landman,43,Operated,0,,0,,0,,0,,,LOE375,BILLING_CATEGORY_CODE,DIM_ACCOUNT,ENERTIA,EDW,1,false,false,false,false,false,true,false,false,true,false,Operating Expense,Operating ExpenseRecurringLandmanOperated,,,Total LOE Recurring,true,0,,,,false
1119,56,Lease Operating Statement,1,Upstream,12,Operating Expense,30,Recurring,85,Landman,43,Operated,0,,0,,0,,0,,,MOE375,BILLING_CATEGORY_CODE,DIM_ACCOUNT,ENERTIA,EDW,1,false,false,false,false,false,true,false,false,true,false,Operating Expense,Operating ExpenseRecurringLandmanOperated,,,Total LOE Recurring,true,0,,,,false
1120,57,Lease Operating Statement,1,Upstream,12,Operating Expense,30,Recurring,86,Legal Fees,43,Operated,0,,0,,0,,0,,,LOE410,BILLING_CATEGORY_CODE,DIM_ACCOUNT,ENERTIA,EDW,1,false,false,false,false,false,true,false,false,true,false,Operating Expense,Operating ExpenseRecurringLegal FeesOperated,,,Total LOE Recurring,true,0,,,,false
1121,57,Lease Operating Statement,1,Upstream,12,Operating Expense,30,Recurring,86,Legal Fees,43,Operated,0,,0,,0,,0,,,MOE410,BILLING_CATEGORY_CODE,DIM_ACCOUNT,ENERTIA,EDW,1,false,false,false,false,false,true,false,false,true,false,Operating Expense,Operating ExpenseRecurringLegal FeesOperated,,,Total LOE Recurring,true,0,,,,false
1122,58,Lease Operating Statement,1,Upstream,12,Operating Expense,30,Recurring,87,Line Pipe,43,Operated,0,,0,,0,,0,,,LOE560,BILLING_CATEGORY_CODE,DIM_ACCOUNT,ENERTIA,EDW,1,false,false,false,false,false,true,false,false,true,false,Operating Expense,Operating ExpenseRecurringLine PipeOperated,,,Total LOE Recurring,true,0,,,,false
1123,59,Lease Operating Statement,1,Upstream,12,Operating Expense,30,Recurring,88,Location,43,Operated,0,,0,,0,,0,,,LOE320,BILLING_CATEGORY_CODE,DIM_ACCOUNT,ENERTIA,EDW,1,false,false,false,false,false,true,false,false,true,false,Operating Expense,Operating ExpenseRecurringLocationOperated,,,Total LOE Recurring,true,0,,,,false
1124,59,Lease Operating Statement,1,Upstream,12,Operating Expense,30,Recurring,88,Location,43,Operated,0,,0,,0,,0,,,MOE320,BILLING_CATEGORY_CODE,DIM_ACCOUNT,ENERTIA,EDW,1,false,false,false,false,false,true,false,false,true,false,Operating Expense,Operating ExpenseRecurringLocationOperated,,,Total LOE Recurring,true,0,,,,false
1125,60,Lease Operating Statement,1,Upstream,12,Operating Expense,30,Recurring,89,Logging,43,Operated,0,,0,,0,,0,,,LOE215,BILLING_CATEGORY_CODE,DIM_ACCOUNT,ENERTIA,EDW,1,false,false,false,false,false,true,false,false,true,false,Operating Expense,Operating ExpenseRecurringLoggingOperated,,,Total LOE Recurring,true,0,,,,false
1126,61,Lease Operating Statement,1,Upstream,12,Operating Expense,30,Recurring,90,Meters,43,Operated,0,,0,,0,,0,,,LOE325,BILLING_CATEGORY_CODE,DIM_ACCOUNT,ENERTIA,EDW,1,false,false,false,false,false,true,false,false,true,false,Operating Expense,Operating ExpenseRecurringMetersOperated,,,Total LOE Recurring,true,0,,,,false
1127,61,Lease Operating Statement,1,Upstream,12,Operating Expense,30,Recurring,90,Meters,43,Operated,0,,0,,0,,0,,,MOE325,BILLING_CATEGORY_CODE,DIM_ACCOUNT,ENERTIA,EDW,1,false,false,false,false,false,true,false,false,true,false,Operating Expense,Operating ExpenseRecurringMetersOperated,,,Total LOE Recurring,true,0,,,,false
1128,62,Lease Operating Statement,1,Upstream,12,Operating Expense,30,Recurring,91,Minimum Royalty,43,Operated,0,,0,,0,,0,,,LOE730,BILLING_CATEGORY_CODE,DIM_ACCOUNT,ENERTIA,EDW,1,false,false,false,false,false,true,false,false,true,false,Operating Expense,Operating ExpenseRecurringMinimum RoyaltyOperated,,,Total LOE Recurring,true,0,,,,false
1129,63,Lease Operating Statement,1,Upstream,12,Operating Expense,30,Recurring,92,Miscellaneous,43,Operated,0,,0,,0,,0,,,LOE350,BILLING_CATEGORY_CODE,DIM_ACCOUNT,ENERTIA,EDW,1,false,false,false,false,false,true,false,false,true,false,Operating Expense,Operating ExpenseRecurringMiscellaneousOperated,,,Total LOE Recurring,true,0,,,,false
1130,63,Lease Operating Statement,1,Upstream,12,Operating Expense,30,Recurring,92,Miscellaneous,43,Operated,0,,0,,0,,0,,,MOE350,BILLING_CATEGORY_CODE,DIM_ACCOUNT,ENERTIA,EDW,1,false,false,false,false,false,true,false,false,true,false,Operating Expense,Operating ExpenseRecurringMiscellaneousOperated,,,Total LOE Recurring,true,0,,,,false
1131,63,Lease Operating Statement,1,Upstream,12,Operating Expense,30,Recurring,92,Miscellaneous,43,Operated,0,,0,,0,,0,,,LOE590,BILLING_CATEGORY_CODE,DIM_ACCOUNT,ENERTIA,EDW,1,false,false,false,false,false,true,false,false,true,false,Operating Expense,Operating ExpenseRecurringMiscellaneousOperated,,,Total LOE Recurring,true,0,,,,false
1132,64,Lease Operating Statement,1,Upstream,12,Operating Expense,30,Recurring,93,Mob/Demob,43,Operated,0,,0,,0,,0,,,LOE140,BILLING_CATEGORY_CODE,DIM_ACCOUNT,ENERTIA,EDW,1,false,false,false,false,false,true,false,false,true,false,Operating Expense,Operating ExpenseRecurringMob/DemobOperated,,,Total LOE Recurring,true,0,,,,false
1133,65,Lease Operating Statement,1,Upstream,12,Operating Expense,30,Recurring,62,Ad Valorem Taxes,72,Non Operated,0,,0,,0,,0,,,NLOE750,BILLING_CATEGORY_CODE,DIM_ACCOUNT,ENERTIA,EDW,1,false,false,false,false,false,true,false,false,true,false,Operating Expense,Operating ExpenseRecurringAd Valorem TaxesNon Operated,,,Total LOE Recurring,true,0,,,,false
1134,66,Lease Operating Statement,1,Upstream,12,Operating Expense,30,Recurring,66,Chemicals,72,Non Operated,0,,0,,0,,0,,,NLOE245,BILLING_CATEGORY_CODE,DIM_ACCOUNT,ENERTIA,EDW,1,false,false,false,false,false,true,false,false,true,false,Operating Expense,Operating ExpenseRecurringChemicalsNon Operated,,,Total LOE Recurring,true,0,,,,false
1135,68,Lease Operating Statement,1,Upstream,12,Operating Expense,30,Recurring,69,Labor,72,Non Operated,0,,0,,0,,0,,,NLOE105,BILLING_CATEGORY_CODE,DIM_ACCOUNT,ENERTIA,EDW,1,false,false,false,false,false,true,false,false,true,false,Operating Expense,Operating ExpenseRecurringLaborNon Operated,,,Total LOE Recurring,true,0,,,,false
1136,69,Lease Operating Statement,1,Upstream,12,Operating Expense,30,Recurring,73,Disposal,72,Non Operated,0,,0,,0,,0,,,NLOE275,BILLING_CATEGORY_CODE,DIM_ACCOUNT,ENERTIA,EDW,1,false,false,false,false,false,true,false,false,true,false,Operating Expense,Operating ExpenseRecurringDisposalNon Operated,,,Total LOE Recurring,true,0,,,,false
1137,67,Lease Operating Statement,1,Upstream,12,Operating Expense,30,Recurring,76,Equipment Expense,72,Non Operated,0,,0,,0,,0,,,NLOE555,BILLING_CATEGORY_CODE,DIM_ACCOUNT,ENERTIA,EDW,1,false,false,false,false,false,true,false,false,true,false,Operating Expense,Operating ExpenseRecurringEquipment ExpenseNon Operated,,,Total LOE Recurring,true,0,,,,false
1138,70,Lease Operating Statement,1,Upstream,12,Operating Expense,30,Recurring,77,Facility Expense,72,Non Operated,0,,0,,0,,0,,,NLOE770,BILLING_CATEGORY_CODE,DIM_ACCOUNT,ENERTIA,EDW,1,false,false,false,false,false,true,false,false,true,false,Operating Expense,Operating ExpenseRecurringFacility ExpenseNon Operated,,,Total LOE Recurring,true,0,,,,false
1139,71,Lease Operating Statement,1,Upstream,12,Operating Expense,30,Recurring,78,Repair,72,Non Operated,0,,0,,0,,0,,,NLOE300,BILLING_CATEGORY_CODE,DIM_ACCOUNT,ENERTIA,EDW,1,false,false,false,false,false,true,false,false,true,false,Operating Expense,Operating ExpenseRecurringRepairNon Operated,,,Total LOE Recurring,true,0,,,,false
1140,72,Lease Operating Statement,1,Upstream,12,Operating Expense,30,Recurring,95,COPAS,72,Non Operated,0,,0,,0,,0,,,NLOE852,BILLING_CATEGORY_CODE,DIM_ACCOUNT,ENERTIA,EDW,1,false,false,false,false,false,true,false,false,true,false,Operating Expense,Operating ExpenseRecurringCOPASNon Operated,,,Total LOE Recurring,true,0,,,,false
1141,73,Lease Operating Statement,1,Upstream,12,Operating Expense,30,Recurring,96,Other LOE,72,Non Operated,0,,0,,0,,0,,,LOE850,BILLING_CATEGORY_CODE,DIM_ACCOUNT,ENERTIA,EDW,1,false,false,false,false,false,true,false,false,true,false,Operating Expense,Operating ExpenseRecurringOther LOENon Operated,,,Total LOE Recurring,true,0,,,,false
1142,74,Lease Operating Statement,1,Upstream,12,Operating Expense,30,Recurring,97,Oilfield,72,Non Operated,0,,0,,0,,0,,,LOE722,BILLING_CATEGORY_CODE,DIM_ACCOUNT,ENERTIA,EDW,1,false,false,false,false,false,true,false,false,true,false,Operating Expense,Operating ExpenseRecurringOilfieldNon Operated,,,Total LOE Recurring,true,0,,,,false
1144,76,Lease Operating Statement,1,Upstream,12,Operating Expense,30,Recurring,99,Other LOE,72,Non Operated,0,,0,,0,,0,,,NLOE850,BILLING_CATEGORY_CODE,DIM_ACCOUNT,ENERTIA,EDW,1,false,false,false,false,false,true,false,false,true,false,Operating Expense,Operating ExpenseRecurringOther LOENon Operated,,,Total LOE Recurring,true,0,,,,false
1145,77,Lease Operating Statement,1,Upstream,12,Operating Expense,30,Recurring,100,Perforating,72,Non Operated,0,,0,,0,,0,,,LOE210,BILLING_CATEGORY_CODE,DIM_ACCOUNT,ENERTIA,EDW,1,false,false,false,false,false,true,false,false,true,false,Operating Expense,Operating ExpenseRecurringPerforatingNon Operated,,,Total LOE Recurring,true,0,,,,false
1146,78,Lease Operating Statement,1,Upstream,12,Operating Expense,30,Recurring,101,Pipe,43,Operated,0,,0,,0,,0,,,LOE565,BILLING_CATEGORY_CODE,DIM_ACCOUNT,ENERTIA,EDW,1,false,false,false,false,false,true,false,false,true,false,Operating Expense,Operating ExpenseRecurringPipeOperated,,,Total LOE Recurring,true,0,,,,false
1147,79,Lease Operating Statement,1,Upstream,12,Operating Expense,30,Recurring,102,Pipeline,43,Operated,0,,0,,0,,0,,,LOE304,BILLING_CATEGORY_CODE,DIM_ACCOUNT,ENERTIA,EDW,1,false,false,false,false,false,true,false,false,true,false,Operating Expense,Operating ExpenseRecurringPipelineOperated,,,Total LOE Recurring,true,0,,,,false
1148,79,Lease Operating Statement,1,Upstream,12,Operating Expense,30,Recurring,102,Pipeline,43,Operated,0,,0,,0,,0,,,MOE304,BILLING_CATEGORY_CODE,DIM_ACCOUNT,ENERTIA,EDW,1,false,false,false,false,false,true,false,false,true,false,Operating Expense,Operating ExpenseRecurringPipelineOperated,,,Total LOE Recurring,true,0,,,,false
1149,80,Lease Operating Statement,1,Upstream,12,Operating Expense,30,Recurring,103,Processing,43,Operated,0,,0,,0,,0,,,LOE705,BILLING_CATEGORY_CODE,DIM_ACCOUNT,ENERTIA,EDW,1,false,false,false,false,false,true,false,false,true,false,Operating Expense,Operating ExpenseRecurringProcessingOperated,,,Total LOE Recurring,true,0,,,,false
1150,81,Lease Operating Statement,1,Upstream,12,Operating Expense,30,Recurring,104,Regulatory,43,Operated,0,,0,,0,,0,,,LOE343,BILLING_CATEGORY_CODE,DIM_ACCOUNT,ENERTIA,EDW,1,false,false,false,false,false,true,false,false,true,false,Operating Expense,Operating ExpenseRecurringRegulatoryOperated,,,Total LOE Recurring,true,0,,,,false
1151,82,Lease Operating Statement,1,Upstream,12,Operating Expense,30,Recurring,78,Repair,43,Operated,0,,0,,0,,0,,,LOE300,BILLING_CATEGORY_CODE,DIM_ACCOUNT,ENERTIA,EDW,1,false,false,false,false,false,true,false,false,true,false,Operating Expense,Operating ExpenseRecurringRepairOperated,,,Total LOE Recurring,true,0,,,,false
1152,82,Lease Operating Statement,1,Upstream,12,Operating Expense,30,Recurring,78,Repair,43,Operated,0,,0,,0,,0,,,MOE300,BILLING_CATEGORY_CODE,DIM_ACCOUNT,ENERTIA,EDW,1,false,false,false,false,false,true,false,false,true,false,Operating Expense,Operating ExpenseRecurringRepairOperated,,,Total LOE Recurring,true,0,,,,false
1153,83,Lease Operating Statement,1,Upstream,12,Operating Expense,30,Recurring,105,Sales and Use Tax on Gas Used,43,Operated,0,,0,,0,,0,,,MOE755,BILLING_CATEGORY_CODE,DIM_ACCOUNT,ENERTIA,EDW,1,false,false,false,false,false,true,false,false,true,false,Operating Expense,Operating ExpenseRecurringSales and Use Tax on Gas UsedOperated,,,Total LOE Recurring,true,0,,,,false
1154,84,Lease Operating Statement,1,Upstream,12,Operating Expense,30,Recurring,106,Shut-In Expense,43,Operated,0,,0,,0,,0,,,LOE725,BILLING_CATEGORY_CODE,DIM_ACCOUNT,ENERTIA,EDW,1,false,false,false,false,false,true,false,false,true,false,Operating Expense,Operating ExpenseRecurringShut-In ExpenseOperated,,,Total LOE Recurring,true,0,,,,false
1155,84,Lease Operating Statement,1,Upstream,12,Operating Expense,30,Recurring,106,Shut-In Expense,43,Operated,0,,0,,0,,0,,,LOE727,BILLING_CATEGORY_CODE,DIM_ACCOUNT,ENERTIA,EDW,1,false,false,false,false,false,true,false,false,true,false,Operating Expense,Operating ExpenseRecurringShut-In ExpenseOperated,,,Total LOE Recurring,true,0,,,,false
1156,85,Lease Operating Statement,1,Upstream,12,Operating Expense,30,Recurring,107,Slickline,43,Operated,0,,0,,0,,0,,,LOE175,BILLING_CATEGORY_CODE,DIM_ACCOUNT,ENERTIA,EDW,1,false,false,false,false,false,true,false,false,true,false,Operating Expense,Operating ExpenseRecurringSlicklineOperated,,,Total LOE Recurring,true,0,,,,false
1157,86,Lease Operating Statement,1,Upstream,12,Operating Expense,30,Recurring,108,Stimulation,43,Operated,0,,0,,0,,0,,,LOE200,BILLING_CATEGORY_CODE,DIM_ACCOUNT,ENERTIA,EDW,1,false,false,false,false,false,true,false,false,true,false,Operating Expense,Operating ExpenseRecurringStimulationOperated,,,Total LOE Recurring,true,0,,,,false
1158,87,Lease Operating Statement,1,Upstream,12,Operating Expense,30,Recurring,109,Subsurface,43,Operated,0,,0,,0,,0,,,LOE530,BILLING_CATEGORY_CODE,DIM_ACCOUNT,ENERTIA,EDW,1,false,false,false,false,false,true,false,false,true,false,Operating Expense,Operating ExpenseRecurringSubsurfaceOperated,,,Total LOE Recurring,true,0,,,,false
1159,88,Lease Operating Statement,1,Upstream,12,Operating Expense,30,Recurring,110,Supervision,43,Operated,0,,0,,0,,0,,,LOE345,BILLING_CATEGORY_CODE,DIM_ACCOUNT,ENERTIA,EDW,1,false,false,false,false,false,true,false,false,true,false,Operating Expense,Operating ExpenseRecurringSupervisionOperated,,,Total LOE Recurring,true,0,,,,false
1160,88,Lease Operating Statement,1,Upstream,12,Operating Expense,30,Recurring,110,Supervision,43,Operated,0,,0,,0,,0,,,MOE345,BILLING_CATEGORY_CODE,DIM_ACCOUNT,ENERTIA,EDW,1,false,false,false,false,false,true,false,false,true,false,Operating Expense,Operating ExpenseRecurringSupervisionOperated,,,Total LOE Recurring,true,0,,,,false
1161,89,Lease Operating Statement,1,Upstream,12,Operating Expense,30,Recurring,111,Supplies,43,Operated,0,,0,,0,,0,,,LOE305,BILLING_CATEGORY_CODE,DIM_ACCOUNT,ENERTIA,EDW,1,false,false,false,false,false,true,false,false,true,false,Operating Expense,Operating ExpenseRecurringSuppliesOperated,,,Total LOE Recurring,true,0,,,,false
1162,89,Lease Operating Statement,1,Upstream,12,Operating Expense,30,Recurring,111,Supplies,43,Operated,0,,0,,0,,0,,,MOE305,BILLING_CATEGORY_CODE,DIM_ACCOUNT,ENERTIA,EDW,1,false,false,false,false,false,true,false,false,true,false,Operating Expense,Operating ExpenseRecurringSuppliesOperated,,,Total LOE Recurring,true,0,,,,false
1163,90,Lease Operating Statement,1,Upstream,12,Operating Expense,30,Recurring,112,Surface,43,Operated,0,,0,,0,,0,,,LOE420,BILLING_CATEGORY_CODE,DIM_ACCOUNT,ENERTIA,EDW,1,false,false,false,false,false,true,false,false,true,false,Operating Expense,Operating ExpenseRecurringSurfaceOperated,,,Total LOE Recurring,true,0,,,,false
1164,90,Lease Operating Statement,1,Upstream,12,Operating Expense,30,Recurring,112,Surface,43,Operated,0,,0,,0,,0,,,MOE420,BILLING_CATEGORY_CODE,DIM_ACCOUNT,ENERTIA,EDW,1,false,false,false,false,false,true,false,false,true,false,Operating Expense,Operating ExpenseRecurringSurfaceOperated,,,Total LOE Recurring,true,0,,,,false
1165,90,Lease Operating Statement,1,Upstream,12,Operating Expense,30,Recurring,112,Surface,43,Operated,0,,0,,0,,0,,,LOE550,BILLING_CATEGORY_CODE,DIM_ACCOUNT,ENERTIA,EDW,1,false,false,false,false,false,true,false,false,true,false,Operating Expense,Operating ExpenseRecurringSurfaceOperated,,,Total LOE Recurring,true,0,,,,false
1166,90,Lease Operating Statement,1,Upstream,12,Operating Expense,30,Recurring,112,Surface,43,Operated,0,,0,,0,,0,,,LOE312,BILLING_CATEGORY_CODE,DIM_ACCOUNT,ENERTIA,EDW,1,false,false,false,false,false,true,false,false,true,false,Operating Expense,Operating ExpenseRecurringSurfaceOperated,,,Total LOE Recurring,true,0,,,,false
1167,91,Lease Operating Statement,1,Upstream,12,Operating Expense,30,Recurring,113,Survey,43,Operated,0,,0,,0,,0,,,LOE425,BILLING_CATEGORY_CODE,DIM_ACCOUNT,ENERTIA,EDW,1,false,false,false,false,false,true,false,false,true,false,Operating Expense,Operating ExpenseRecurringSurveyOperated,,,Total LOE Recurring,true,0,,,,false
1168,91,Lease Operating Statement,1,Upstream,12,Operating Expense,30,Recurring,113,Survey,43,Operated,0,,0,,0,,0,,,MOE425,BILLING_CATEGORY_CODE,DIM_ACCOUNT,ENERTIA,EDW,1,false,false,false,false,false,true,false,false,true,false,Operating Expense,Operating ExpenseRecurringSurveyOperated,,,Total LOE Recurring,true,0,,,,false
1169,92,Lease Operating Statement,1,Upstream,12,Operating Expense,30,Recurring,114,Swabbing,43,Operated,0,,0,,0,,0,,,LOE170,BILLING_CATEGORY_CODE,DIM_ACCOUNT,ENERTIA,EDW,1,false,false,false,false,false,true,false,false,true,false,Operating Expense,Operating ExpenseRecurringSwabbingOperated,,,Total LOE Recurring,true,0,,,,false
1170,93,Lease Operating Statement,1,Upstream,12,Operating Expense,30,Recurring,115,Trucking,43,Operated,0,,0,,0,,0,,,LOE265,BILLING_CATEGORY_CODE,DIM_ACCOUNT,ENERTIA,EDW,1,false,false,false,false,false,true,false,false,true,false,Operating Expense,Operating ExpenseRecurringTruckingOperated,,,Total LOE Recurring,true,0,,,,false
1171,93,Lease Operating Statement,1,Upstream,12,Operating Expense,30,Recurring,115,Trucking,43,Operated,0,,0,,0,,0,,,MOE265,BILLING_CATEGORY_CODE,DIM_ACCOUNT,ENERTIA,EDW,1,false,false,false,false,false,true,false,false,true,false,Operating Expense,Operating ExpenseRecurringTruckingOperated,,,Total LOE Recurring,true,0,,,,false
1172,93,Lease Operating Statement,1,Upstream,12,Operating Expense,30,Recurring,115,Trucking,43,Operated,0,,0,,0,,0,,,LOE270,BILLING_CATEGORY_CODE,DIM_ACCOUNT,ENERTIA,EDW,1,false,false,false,false,false,true,false,false,true,false,Operating Expense,Operating ExpenseRecurringTruckingOperated,,,Total LOE Recurring,true,0,,,,false
1173,93,Lease Operating Statement,1,Upstream,12,Operating Expense,30,Recurring,115,Trucking,43,Operated,0,,0,,0,,0,,,MOE270,BILLING_CATEGORY_CODE,DIM_ACCOUNT,ENERTIA,EDW,1,false,false,false,false,false,true,false,false,true,false,Operating Expense,Operating ExpenseRecurringTruckingOperated,,,Total LOE Recurring,true,0,,,,false
1174,94,Lease Operating Statement,1,Upstream,12,Operating Expense,30,Recurring,116,Tubing,43,Operated,0,,0,,0,,0,,,LOE515,BILLING_CATEGORY_CODE,DIM_ACCOUNT,ENERTIA,EDW,1,false,false,false,false,false,true,false,false,true,false,Operating Expense,Operating ExpenseRecurringTubingOperated,,,Total LOE Recurring,true,0,,,,false
1175,95,Lease Operating Statement,1,Upstream,12,Operating Expense,30,Recurring,117,Vehicle,43,Operated,0,,0,,0,,0,,,LOE115,BILLING_CATEGORY_CODE,DIM_ACCOUNT,ENERTIA,EDW,1,false,false,false,false,false,true,false,false,true,false,Operating Expense,Operating ExpenseRecurringVehicleOperated,,,Total LOE Recurring,true,0,,,,false
1176,95,Lease Operating Statement,1,Upstream,12,Operating Expense,30,Recurring,117,Vehicle,43,Operated,0,,0,,0,,0,,,MOE115,BILLING_CATEGORY_CODE,DIM_ACCOUNT,ENERTIA,EDW,1,false,false,false,false,false,true,false,false,true,false,Operating Expense,Operating ExpenseRecurringVehicleOperated,,,Total LOE Recurring,true,0,,,,false
1177,96,Lease Operating Statement,1,Upstream,12,Operating Expense,30,Recurring,118,Wellhead,43,Operated,0,,0,,0,,0,,,LOE250,BILLING_CATEGORY_CODE,DIM_ACCOUNT,ENERTIA,EDW,1,false,false,false,false,false,true,false,false,true,false,Operating Expense,Operating ExpenseRecurringWellheadOperated,,,Total LOE Recurring,true,0,,,,false
1178,96,Lease Operating Statement,1,Upstream,12,Operating Expense,30,Recurring,118,Wellhead,43,Operated,0,,0,,0,,0,,,LOE535,BILLING_CATEGORY_CODE,DIM_ACCOUNT,ENERTIA,EDW,1,false,false,false,false,false,true,false,false,true,false,Operating Expense,Operating ExpenseRecurringWellheadOperated,,,Total LOE Recurring,true,0,,,,false
1179,97,Lease Operating Statement,1,Upstream,12,Operating Expense,30,Recurring,119,Right of use asset credit,43,Operated,0,,0,,0,,0,,,640-300,ACCOUNT_CODE,DIM_ACCOUNT,ENERTIA,EDW,1,false,false,false,false,false,true,false,false,true,false,Operating Expense,Operating ExpenseRecurringRight of use asset creditOperated,,,Total LOE Recurring,true,0,,,,false
1180,98,Lease Operating Statement,1,Upstream,12,Operating Expense,30,Recurring,120,Accruals,43,Operated,0,,0,,0,,0,,,640-990,ACCOUNT_CODE,DIM_ACCOUNT,ENERTIA,EDW,1,false,false,false,false,false,true,false,false,true,false,Operating Expense,Operating ExpenseRecurringAccrualsOperated,,,Total LOE Recurring,true,0,,,,false
1181,98,Lease Operating Statement,1,Upstream,12,Operating Expense,30,Recurring,120,Accruals,43,Operated,0,,0,,0,,0,,,640-991,ACCOUNT_CODE,DIM_ACCOUNT,ENERTIA,EDW,1,false,false,false,false,false,true,false,false,true,false,Operating Expense,Operating ExpenseRecurringAccrualsOperated,,,Total LOE Recurring,true,0,,,,false
1182,99,Lease Operating Statement,1,Upstream,12,Operating Expense,30,Recurring,95,COPAS,43,Operated,0,,0,,0,,0,,,640-992,ACCOUNT_CODE,DIM_ACCOUNT,ENERTIA,EDW,1,false,false,false,false,false,true,false,false,true,false,Operating Expense,Operating ExpenseRecurringCOPASOperated,,,Total LOE Recurring,true,0,,,,false
1183,101,Lease Operating Statement,1,Upstream,12,Operating Expense,40,NonRecurring,7060,P&A ARO Settled Liabilities,999,N/A,0,,0,,0,,0,,,641-150,ACCOUNT_CODE,DIM_ACCOUNT,ENERTIA,EDW,1,false,false,false,false,false,true,false,false,true,false,Operating Expense,Operating ExpenseNonRecurringP&A ARO Settled Liabilities,,,Total LOE Non Recurring,true,0,,,,false
1184,102,Lease Operating Statement,1,Upstream,12,Operating Expense,40,NonRecurring,7160,MOX,999,N/A,0,,0,,0,,0,,,MOX,BILLING_CATEGORY_TYPE_CODE,DIM_ACCOUNT,ENERTIA,EDW,1,false,false,false,false,false,true,false,false,true,false,Operating Expense,Operating ExpenseNonRecurringMOX,,,Total LOE Non Recurring,true,0,,,,false
1185,103,Lease Operating Statement,1,Upstream,12,Operating Expense,40,NonRecurring,7260,WOX Expense,999,N/A,0,,0,,0,,0,,,WOX,BILLING_CATEGORY_TYPE_CODE,DIM_ACCOUNT,ENERTIA,EDW,1,false,false,false,false,false,true,false,false,true,false,Operating Expense,Operating ExpenseNonRecurringWOX Expense,,,Total LOE Non Recurring,true,0,,,,false
1186,104,Lease Operating Statement,1,Upstream,12,Operating Expense,40,NonRecurring,7360,PAC Expense,999,N/A,0,,0,,0,,0,,,PAC,BILLING_CATEGORY_TYPE_CODE,DIM_ACCOUNT,ENERTIA,EDW,1,false,false,false,false,false,true,false,false,true,false,Operating Expense,Operating ExpenseNonRecurringPAC Expense,,,Total LOE Non Recurring,true,0,,,,false
1187,105,Lease Operating Statement,1,Upstream,12,Operating Expense,40,NonRecurring,7460,NonRecurring Accrual,999,N/A,0,,0,,0,,0,,,641-990,ACCOUNT_CODE,DIM_ACCOUNT,ENERTIA,EDW,1,false,false,false,false,false,true,false,false,true,false,Operating Expense,Operating ExpenseNonRecurringNonRecurring Accrual,,,Total LOE Non Recurring,true,0,,,,false
1188,106,Lease Operating Statement,1,Upstream,12,Operating Expense,40,NonRecurring,7560,MOX Accrual,999,N/A,0,,0,,0,,0,,,666-990,ACCOUNT_CODE,DIM_ACCOUNT,ENERTIA,EDW,1,false,false,false,false,false,true,false,false,true,false,Operating Expense,Operating ExpenseNonRecurringMOX Accrual,,,Total LOE Non Recurring,true,0,,,,false
1189,115,Lease Operating Statement,1,Upstream,20,Capital Spend,50,Leasehold Cost,8060,Leasehold Cost,999,N/A,0,,0,,0,,0,,,1-20-100-205,MINOR_CODE,DIM_ACCOUNT,ENERTIA,EDW,1,false,false,false,false,false,true,false,false,true,false,Capital Spend,Capital SpendUpstream CAPEXLeasehold Cost,,,Total Capital Spend,true,0,,,,false
1190,116,Lease Operating Statement,1,Upstream,20,Capital Spend,51,Drilling Cost,8160,Intangible Drilling Cost,72,Non Operated,0,,0,,0,,0,,,NIDC,BILLING_CATEGORY_TYPE_CODE,DIM_ACCOUNT,ENERTIA,EDW,1,false,false,false,false,false,true,false,false,true,false,Capital Spend,Capital SpendUpstream CAPEXIntangible Drilling CostNon Operated,,,Total Capital Spend,true,0,,,,false
1191,117,Lease Operating Statement,1,Upstream,20,Capital Spend,51,Drilling Cost,8160,Intangible Drilling Cost,43,Operated,0,,0,,0,,0,,,IDC,BILLING_CATEGORY_TYPE_CODE,DIM_ACCOUNT,ENERTIA,EDW,1,false,false,false,false,false,true,false,false,true,false,Capital Spend,Capital SpendUpstream CAPEXIntangible Drilling CostOperated,,,Total Capital Spend,true,0,,,,false
1192,118,Lease Operating Statement,1,Upstream,20,Capital Spend,51,Drilling Cost,8360,Tangible Drilling Cost,43,Operated,0,,0,,0,,0,,,TDC,BILLING_CATEGORY_TYPE_CODE,DIM_ACCOUNT,ENERTIA,EDW,1,false,false,false,false,false,true,false,false,true,false,Capital Spend,Capital SpendUpstream CAPEXTangible Drilling CostOperated,,,Total Capital Spend,true,0,,,,false
1193,119,Lease Operating Statement,1,Upstream,20,Capital Spend,52,Completion Cost,8460,Intangible Completion Cost,72,Non Operated,0,,0,,0,,0,,,NICC,BILLING_CATEGORY_TYPE_CODE,DIM_ACCOUNT,ENERTIA,EDW,1,false,false,false,false,false,true,false,false,true,false,Capital Spend,Capital SpendUpstream CAPEXIntangible Completion CostNon Operated,,,Total Capital Spend,true,0,,,,false
1194,120,Lease Operating Statement,1,Upstream,20,Capital Spend,52,Completion Cost,8460,Intangible Completion Cost,43,Operated,0,,0,,0,,0,,,220-150,ACCOUNT_CODE,DIM_ACCOUNT,ENERTIA,EDW,1,false,false,false,false,false,true,false,false,true,false,Capital Spend,Capital SpendUpstream CAPEXIntangible Completion CostOperated,,,Total Capital Spend,true,0,,,,false
1195,120,Lease Operating Statement,1,Upstream,20,Capital Spend,52,Completion Cost,8460,Intangible Completion Cost,43,Operated,0,,0,,0,,0,,,ICC,BILLING_CATEGORY_TYPE_CODE,DIM_ACCOUNT,ENERTIA,EDW,1,false,false,false,false,false,true,false,false,true,false,Capital Spend,Capital SpendUpstream CAPEXIntangible Completion CostOperated,,,Total Capital Spend,true,0,,,,false
1196,121,Lease Operating Statement,1,Upstream,20,Capital Spend,52,Completion Cost,8760,Tangible Completion Cost,43,Operated,0,,0,,0,,0,,,225-990,ACCOUNT_CODE,DIM_ACCOUNT,ENERTIA,EDW,1,false,false,false,false,false,true,false,false,true,false,Capital Spend,Capital SpendUpstream CAPEXTangible Completion CostOperated,,,Total Capital Spend,true,0,,,,false
1197,121,Lease Operating Statement,1,Upstream,20,Capital Spend,52,Completion Cost,8760,Tangible Completion Cost,43,Operated,0,,0,,0,,0,,,TCC,BILLING_CATEGORY_TYPE_CODE,DIM_ACCOUNT,ENERTIA,EDW,1,false,false,false,false,false,true,false,false,true,false,Capital Spend,Capital SpendUpstream CAPEXTangible Completion CostOperated,,,Total Capital Spend,true,0,,,,false
1198,122,Lease Operating Statement,1,Upstream,20,Capital Spend,53,Facility Cost,8960,Intangible Facility Cost,999,N/A,0,,0,,0,,0,,,IFC,BILLING_CATEGORY_TYPE_CODE,DIM_ACCOUNT,ENERTIA,EDW,1,false,false,false,false,false,true,false,false,true,false,Capital Spend,Capital SpendUpstream CAPEXFacility Cost,,,Total Capital Spend,true,0,,,,false
1199,200,Lease Operating Statement,1,Upstream,20,Capital Spend,53,Facility Cost,8961,Tangible Facility Cost,999,N/A,0,,0,,0,,0,,,TFC,BILLING_CATEGORY_TYPE_CODE,DIM_ACCOUNT,ENERTIA,EDW,1,false,false,false,false,false,true,false,false,true,false,Capital Spend,Capital SpendUpstream CAPEXFacility Cost,,,Total Capital Spend,true,0,,,,false
1200,123,Lease Operating Statement,1,Upstream,20,Capital Spend,55,Midstream CAPEX,9160,Midstream facility costs,999,N/A,0,,0,,0,,0,,,MFC,BILLING_CATEGORY_TYPE_CODE,DIM_ACCOUNT,ENERTIA,EDW,1,false,false,false,false,false,true,false,false,true,false,Capital Spend,Capital SpendMidstream CAPEXMidstream facility costs,,,Total Capital Spend,true,0,,,,false
1201,123,Lease Operating Statement,1,Upstream,20,Capital Spend,55,Midstream CAPEX,9160,Midstream facility costs,999,N/A,0,,0,,0,,0,,,240-990,ACCOUNT_CODE,DIM_ACCOUNT,ENERTIA,EDW,1,false,false,false,true,false,true,false,false,true,false,Capital Spend,Capital SpendMidstream CAPEXMidstream facility costs,,,Total Capital Spend,true,0,,,,false
1202,124,Lease Operating Statement,1,Upstream,20,Capital Spend,55,Midstream CAPEX,9360,Midstream facility costs accrual,999,N/A,0,,0,,0,,0,,,240-990,ACCOUNT_CODE,DIM_ACCOUNT,ENERTIA,EDW,1,false,false,false,false,false,true,false,false,true,false,Capital Spend,Capital SpendMidstream CAPEXMidstream facility costs accrual,,,Total Capital Spend,true,0,,,,false
1203,125,Lease Operating Statement,1,Upstream,20,Capital Spend,50,Accrued CAPEX,9460,Accrued CAPEX,999,N/A,0,,0,,0,,0,,,220-990,ACCOUNT_CODE,DIM_ACCOUNT,ENERTIA,EDW,1,false,false,false,false,false,true,false,false,true,false,Capital Spend,Capital SpendUpstream CAPEXAccrued CAPEX,,,Total Capital Spend,true,0,,,,false
1204,125,Lease Operating Statement,1,Upstream,20,Capital Spend,50,Accrued CAPEX,9460,Accrued CAPEX,999,N/A,0,,0,,0,,0,,,205-190,ACCOUNT_CODE,DIM_ACCOUNT,ENERTIA,EDW,1,false,false,false,false,false,true,false,false,true,false,Capital Spend,Capital SpendUpstream CAPEXAccrued CAPEX,,,Total Capital Spend,true,0,,,,false
1205,126,Lease Operating Statement,1,Upstream,20,Capital Spend,50,Upstream CAPEX,9660,MOP,999,N/A,0,,0,,0,,0,,,590-210,ACCOUNT_CODE,DIM_ACCOUNT,ENERTIA,EDW,1,false,false,false,false,false,true,false,false,true,false,Capital Spend,Capital SpendUpstream CAPEXMOP,,,Total Capital Spend,true,0,,,,false
1206,126,Lease Operating Statement,1,Upstream,20,Capital Spend,50,Upstream CAPEX,9660,MOP,999,N/A,0,,0,,0,,0,,,590-555,ACCOUNT_CODE,DIM_ACCOUNT,ENERTIA,EDW,1,false,false,false,false,false,true,false,false,true,false,Capital Spend,Capital SpendUpstream CAPEXMOP,,,Total Capital Spend,true,0,,,,false
1207,127,Lease Operating Statement,1,Upstream,20,Capital Spend,50,Upstream CAPEX,9760,Accrued MOP,999,N/A,0,,0,,0,,0,,,590-990,ACCOUNT_CODE,DIM_ACCOUNT,ENERTIA,EDW,1,false,false,false,false,false,true,false,false,true,false,Capital Spend,Capital SpendUpstream CAPEXAccrued MOP,,,Total Capital Spend,true,0,,,,false
1208,127,Lease Operating Statement,1,Upstream,20,Capital Spend,50,Upstream CAPEX,9760,Accrued MOP,999,N/A,0,,0,,0,,0,,,590-991,ACCOUNT_CODE,DIM_ACCOUNT,ENERTIA,EDW,1,false,false,false,false,false,true,false,false,true,false,Capital Spend,Capital SpendUpstream CAPEXAccrued MOP,,,Total Capital Spend,true,0,,,,false
1209,127,Lease Operating Statement,1,Upstream,20,Capital Spend,50,Upstream CAPEX,9760,Accrued MOP,999,N/A,0,,0,,0,,0,,,590-850,ACCOUNT_CODE,DIM_ACCOUNT,ENERTIA,EDW,1,false,false,false,false,false,true,false,false,true,false,Capital Spend,Capital SpendUpstream CAPEXAccrued MOP,,,Total Capital Spend,true,0,,,,false
1210,44,Lease Operating Statement,1,Upstream,12,Operating Expense,34,Recurring,23,Disposal,1000,Operated,,,,,,,,,,LOE274,BILLING_CATEGORY_CODE,DIM_ACCOUNT,FINANCIAL,EDW,1,,,,false,,false,,,,,,Operating ExpenseRecurringDisposalOperated,,,,,,,,,
1211,44,Lease Operating Statement,1,Upstream,12,Operating Expense,30,Recurring,73,Disposal,43,Operated,0,,0,,0,,0,,,LOE274,BILLING_CATEGORY_CODE,DIM_ACCOUNT,ENERTIA,EDW,1,false,false,false,false,false,false,false,false,true,false,Operating Expense,Operating ExpenseRecurringDisposalOperated,,,Total LOE Recurring,true,0,,,,false
1212,44,Lease Operating Statement,1,Upstream,12,Operating Expense,30,Recurring,73,Disposal,43,Operated,0,,0,,0,,0,,,LOE274,BILLING_CATEGORY_CODE,DIM_ACCOUNT,ENERTIA,EDW,1,false,false,false,false,false,false,false,false,true,false,Operating Expense,Operating ExpenseRecurringDisposalOperated,,,Total LOE Recurring,true,0,,,,false
1213,44,Lease Operating Statement,1,Upstream,12,Operating Expense,30,Recurring,73,Disposal,43,Operated,0,,0,,0,,0,,,LOE274,BILLING_CATEGORY_CODE,DIM_ACCOUNT,ENERTIA,EDW,1,false,false,false,false,false,true,false,false,true,false,Operating Expense,Operating ExpenseRecurringDisposalOperated,,,Total LOE Recurring,true,0,,,,false
1214,201,Lease Operating Statement,1,Upstream,12,Operating Expense,40,Lease Expense,95,Operated,43,Operated,0,,0,,0,,0,,,LHX,BILLING_CATEGORY_TYPE,DIM_ACCOUNT,ENERTIA,EDW,1,false,false,false,false,false,false,false,false,true,false,Operating Expense,Operating ExpenseRecurringCOPASOperated,,,Total LOE Recurring,true,0,,,,false
1215,126,Lease Operating Statement,1,Upstream,20,Capital Spend,50,Upstream CAPEX,9660,MOP,999,N/A,0,,0,,0,,0,,,MOP260,BILLING_CATEGRY_CODE,DIM_ACCOUNT,ENERTIA,EDW,1,false,false,false,false,false,false,false,false,true,false,Capital Spend,Capital SpendUpstream CAPEXMOP,,,Total Capital Spend,true,0,,,,false
1216,126,Lease Operating Statement,1,Upstream,20,Capital Spend,50,Upstream CAPEX,9660,MOP,999,N/A,0,,0,,0,,0,,,MOP260,BILLING_CATEGRY_CODE,DIM_ACCOUNT,ENERTIA,EDW,1,false,false,false,false,false,false,false,false,true,false,Capital Spend,Capital SpendUpstream CAPEXMOP,,,Total Capital Spend,true,0,,,,false
1217,201,Lease Operating Statement,1,Upstream,12,Operating Expense,40,Lease Expense,95,Operated,43,Operated,0,0,0,,0,,0,,,LHX,BILLING_CATEGORY_TYPE_CODE,DIM_ACCOUNT,FINANCIAL,EDW,1,false,false,false,false,false,false,false,false,true,false,Operating Expense,Operating ExpenseRecurringCOPASOperated,,,Total LOE Recurring,,0,,,,false
1218,126,Lease Operating Statement,1,Upstream,20,Capital Spend,50,Upstream CAPEX,9660,MOP,999,N/A,0,0,0,,0,,0,,,MOP260,BILLING_CATEGORY_CODE,DIM_ACCOUNT,FINANCIAL,EDW,1,false,false,false,false,false,true,false,false,true,false,Capital Spend,Capital SpendUpstream CAPEXMOP,,,Total Capital Spend,,0,,,,false
1219,27,Lease Operating Statement,1,Upstream,8,Deducts,23,Other Production Charges,32,Other Production Charges,999,N/A,0,,0,,0,,0,,,130-115,ACCOUNT_CODE,DIM_ACCOUNT,ENERTIA,EDW,1,false,false,false,false,false,true,false,false,true,false,Deducts,DeductsOther Production Charges,,,Total Deducts,true,0,,,,false
1220,82,Lease Operating Statement,1,Upstream,12,Operating Expense,30,Recurring,78,Repair,43,Operated,0,,0,,0,,0,,,LOE165,BILLING_CATEGORY_CODE,DIM_ACCOUNT,ENERTIA,EDW,1,false,false,false,false,false,true,false,false,true,false,Operating Expense,Operating ExpenseRecurringRepairOperated,,,Total LOE Recurring,true,0,,,,false
1143,99,Lease Operating Statement,1,Upstream,12,Operating Expense,30,Recurring,98,Operated,72,Operated,0,,0,,0,,0,,,LOE600,BILLING_CATEGORY_CODE,DIM_ACCOUNT,ENERTIA,EDW,1,false,false,false,false,false,true,false,false,true,false,Operating Expense,Operating ExpenseRecurringOperatedNon Operated,,,Total LOE Recurring,true,0,,,,false
1221,99,Lease Operating Statement,1,Upstream,12,Operating Expense,30,Recurring,95,COPAS,72,Operated,0,,0,,0,,0,,,LOE600,BILLING_CATEGORY_CODE,DIM_ACCOUNT,ENERTIA,EDW,1,false,false,false,false,false,true,false,false,true,false,Operating Expense,Operating ExpenseRecurringCOPASNon Operated,,,Total LOE Recurring,true,0,,,,false
1222,44,Lease Operating Statement,1,Upstream,12,Operating Expense,34,Recurring,23,Disposal,1000,Operated,0,,0,,0,,0,,,LOE273,BILLING_CATEGORY_CODE,DIM_ACCOUNT,ENERTIA,EDW,1,false,false,false,false,false,true,false,false,true,false,Upstream,UpstreamOperating ExpenseRecurringDisposalOperated,,,Total LOE Recurring,true,0,,,,false
1223,38,Lease Operating Statement,1,Upstream,12,Operating Expense,30,Recurring,66,Chemicals,43,Operated,0,,0,,0,,0,,,LOE240,BILLING_CATEGORY_CODE,DIM_ACCOUNT,ENERTIA,EDW,1,false,false,false,false,false,true,false,false,true,false,Operating Expense,Operating ExpenseRecurringChemicalsOperated,,,Total LOE Recurring,true,0,,,,false
1224,38,Lease Operating Statement,1,Upstream,12,Operating Expense,30,Recurring,66,Chemicals,43,Operated,0,,0,,0,,0,,,MOE240,BILLING_CATEGORY_CODE,DIM_ACCOUNT,ENERTIA,EDW,1,false,false,false,false,false,true,false,false,true,false,Operating Expense,Operating ExpenseRecurringChemicalsOperated,,,Total LOE Recurring,true,0,,,,false
